-- Written for MySQL

-- DROP DATABASE MARIANO;
CREATE DATABASE MARIANO;
USE MARIANO;

CREATE TABLE Characters (
    char_id INT,
    char_name VARCHAR(63),
    birthday VARCHAR(63),
    PRIMARY KEY (char_id)
);

CREATE TABLE Band (
    band_id INT,
    band_name VARCHAR(63),
    PRIMARY KEY (band_id)
);

CREATE TABLE Song (
    song_id INT,
    song_title VARCHAR(63),
    song_length VARCHAR(15),
    ex_level INT,
    PRIMARY KEY (song_id)
);

CREATE TABLE Events (
    event_id INT,
    event_name VARCHAR(63),
    event_type VARCHAR(63),
    type_boost VARCHAR(15),
    PRIMARY KEY (event_id)
);

CREATE TABLE Gacha (
    gacha_id INT,
    gacha_name VARCHAR(63),
    PRIMARY KEY (gacha_id)
);

CREATE TABLE Cards (
    card_id INT,
    char_id INT,
    card_title VARCHAR(63),
    overall_stat INT,
    untrained_art_link VARCHAR(255),
    trained_art_link VARCHAR(255),
    rarity INT,
    attribute VARCHAR(63),
    PRIMARY KEY (card_id),
    FOREIGN KEY (char_id) REFERENCES Characters(char_id)
);

CREATE TABLE Characters_Band (
    char_id INT,
    band_id INT,
    PRIMARY KEY (char_id, band_id),
    FOREIGN KEY (char_id) REFERENCES Characters(char_id),
    FOREIGN KEY (band_id) REFERENCES Band(band_id)
);

CREATE TABLE Featured_Card (
    gacha_id INT,
    card_id INT,
    PRIMARY KEY (gacha_id, card_id),
    FOREIGN KEY (gacha_id) REFERENCES Gacha(gacha_id),
    FOREIGN KEY (card_id) REFERENCES Cards(card_id)
);

CREATE TABLE Event_Gacha (
    event_id INT,
    gacha_id INT,
    PRIMARY KEY (event_id, gacha_id),
    FOREIGN KEY (event_id) REFERENCES Events(event_id),
    FOREIGN KEY (gacha_id) REFERENCES Gacha(gacha_id)
);

CREATE TABLE Event_Card_Reward (
    event_id INT,
    card_id INT,
    PRIMARY KEY (event_id, card_id),
    FOREIGN KEY (event_id) REFERENCES Events(event_id),
    FOREIGN KEY (card_id) REFERENCES Cards(card_id)
);

CREATE TABLE Event_Song (
    event_id INT,
    song_id INT,
    PRIMARY KEY (event_id, song_id),
    FOREIGN KEY (song_id) REFERENCES Song(song_id),
    FOREIGN KEY (event_id) REFERENCES Events(event_id)
);

CREATE TABLE Boost_Members (
    event_id INT,
    char_id INT,
    PRIMARY KEY (event_id, char_id),
    FOREIGN KEY (char_id) REFERENCES Characters(char_id),
    FOREIGN KEY (event_id) REFERENCES Events(event_id)
);

CREATE TABLE Song_Sung_By (
    song_id INT,
    band_id INT,
    PRIMARY KEY (song_id, band_id),
    FOREIGN KEY (band_id) REFERENCES Band(band_id),
    FOREIGN KEY (song_id) REFERENCES Song(song_id)
);


INSERT INTO Characters VALUES ('6', 'Kasumi Toyama', 'July 14');
INSERT INTO Characters VALUES ('7', 'Tae Hanazono', 'December 4');
INSERT INTO Characters VALUES ('8', 'Rimi Ushigome', 'March 23');
INSERT INTO Characters VALUES ('9', 'Saaya Yamabuki', 'May 19');
INSERT INTO Characters VALUES ('10', 'Arisa Ichigaya', 'October 27');
INSERT INTO Characters VALUES ('11', 'Ran Mitake', 'April 10');
INSERT INTO Characters VALUES ('12', 'Moca Aoba', 'September 3');
INSERT INTO Characters VALUES ('13', 'Himari Uehara', 'October 23');
INSERT INTO Characters VALUES ('14', 'Tomoe Udagawa', 'April 15');
INSERT INTO Characters VALUES ('15', 'Tsugumi Hazawa', 'January 7');
INSERT INTO Characters VALUES ('16', 'Kokoro Tsurumaki', 'August 8');
INSERT INTO Characters VALUES ('17', 'Kaoru Seta', 'February 28');
INSERT INTO Characters VALUES ('18', 'Hagumi Kitazawa', 'July 30');
INSERT INTO Characters VALUES ('19', 'Kanon Matsubara', 'May 11');
INSERT INTO Characters VALUES ('20', 'Misaki Okusawa', 'October 1');
INSERT INTO Characters VALUES ('21', 'Aya Maruyama', 'December 27');
INSERT INTO Characters VALUES ('22', 'Hina Hikawa', 'March 20');
INSERT INTO Characters VALUES ('23', 'Chisato Shirasagi', 'April 6');
INSERT INTO Characters VALUES ('24', 'Maya Yamato', 'November 3');
INSERT INTO Characters VALUES ('25', 'Eve Wakamiya', 'June 27');
INSERT INTO Characters VALUES ('26', 'Yukina Minato', 'October 26');
INSERT INTO Characters VALUES ('27', 'Sayo Hikawa', 'March 20');
INSERT INTO Characters VALUES ('28', 'Lisa Imai', 'August 25');
INSERT INTO Characters VALUES ('29', 'Ako Udagawa', 'July 3');
INSERT INTO Characters VALUES ('30', 'Rinko Shirokane', 'October 17');

INSERT INTO Band VALUES ('1', 'Poppin'' Party');
INSERT INTO Band VALUES ('2', 'Afterglow');
INSERT INTO Band VALUES ('3', 'Pastel*Palettes');
INSERT INTO Band VALUES ('4', 'Roselia');
INSERT INTO Band VALUES ('5', 'Hello, Happy World!');
INSERT INTO Band VALUES ('6', 'Glitter*Green');

INSERT INTO Song VALUES ('1', 'A Crushing Experience!', '01:36', '25');
INSERT INTO Song VALUES ('2', 'Sparkling Dreaming ~Sing Girls~', '01:47', '25');
INSERT INTO Song VALUES ('3', 'Yes! BanG_Dream!', '02:01', '20');
INSERT INTO Song VALUES ('4', 'Teardrops', '02:30', '25');
INSERT INTO Song VALUES ('5', 'Poppin'' Shuffle', '02:13', '22');
INSERT INTO Song VALUES ('6', 'STAR BEAT! ~Beat of Stars~', '02:13', '25');
INSERT INTO Song VALUES ('7', 'Summer Skies & SUN! SUN! SEVEN!', '02:28', '25');
INSERT INTO Song VALUES ('8', 'Alchemy', '01:50', '26');
INSERT INTO Song VALUES ('9', 'On Your New Journey', '01:51', '25');
INSERT INTO Song VALUES ('10', 'Butter-Fly', '01:52', '24');
INSERT INTO Song VALUES ('11', 'Hacking to the Gate', '01:34', '25');
INSERT INTO Song VALUES ('12', '1000 Crying Skies', '02:29', '26');
INSERT INTO Song VALUES ('13', 'Dream Parade', '01:44', '26');
INSERT INTO Song VALUES ('14', '1,2 Fanclub', '01:46', '26');
INSERT INTO Song VALUES ('15', 'Don''t say "lazy"', '02:01', '26');
INSERT INTO Song VALUES ('16', 'Keep on Moving!', '02:11', '26');
INSERT INTO Song VALUES ('17', 'Sunflower Dreams', '02:02', '25');
INSERT INTO Song VALUES ('18', 'Your Gift To Me', '01:36', '21');
INSERT INTO Song VALUES ('19', 'If We Shine', '01:55', '23');
INSERT INTO Song VALUES ('20', 'Silhouette', '01:47', '25');
INSERT INTO Song VALUES ('21', 'Freckles', '01:40', '23');
INSERT INTO Song VALUES ('22', 'ETERNAL BLAZE', '01:52', '25');
INSERT INTO Song VALUES ('23', 'Little Busters!', '01:40', '25');
INSERT INTO Song VALUES ('24', 'Star Viewing', '01:45', '26');
INSERT INTO Song VALUES ('25', 'There''s Only One Correct Answer! There Isn''t!!', '01:42', '25');
INSERT INTO Song VALUES ('26', 'If in August', '01:50', '24');
INSERT INTO Song VALUES ('27', 'Time Lapse', '02:00', '26');
INSERT INTO Song VALUES ('28', 'MOON PRIDE', '01:47', '26');
INSERT INTO Song VALUES ('29', 'Happy Happy Party!', '02:04', '23');
INSERT INTO Song VALUES ('30', 'Boom Through Summer!', '01:44', '24');
INSERT INTO Song VALUES ('31', 'Happy Summer Wedding', '01:43', '26');
INSERT INTO Song VALUES ('32', 'Th-thump SING OUT!', '01:50', '24');
INSERT INTO Song VALUES ('33', 'Crimson Bow and Arrow', '01:32', '27');
INSERT INTO Song VALUES ('34', 'Hanazono Electric Guitar!!!', '01:42', '26');
INSERT INTO Song VALUES ('35', 'Chocolate Bass Recipe', '01:54', '25');
INSERT INTO Song VALUES ('36', 'Distant Song ~Heartbeat~', '01:47', '25');
INSERT INTO Song VALUES ('37', 'God knows...', '02:03', '28');
INSERT INTO Song VALUES ('38', 'I-I Never Said Love!', '01:37', '25');
INSERT INTO Song VALUES ('39', 'great escape', '01:25', '26');
INSERT INTO Song VALUES ('40', 'Fuwa Fuwa Time', '01:28', '25');
INSERT INTO Song VALUES ('41', 'That is How I Roll!', '01:39', '24');
INSERT INTO Song VALUES ('42', 'True color', '02:03', '25');
INSERT INTO Song VALUES ('43', 'Sunflower of Promise', '02:10', '21');
INSERT INTO Song VALUES ('44', 'Scarlet Sky', '01:44', '26');
INSERT INTO Song VALUES ('45', 'Hey-day Capriccio', '01:45', '28');
INSERT INTO Song VALUES ('46', 'The Everlasting Guilty Crown', '02:07', '26');
INSERT INTO Song VALUES ('47', 'only my railgun', '01:39', '26');
INSERT INTO Song VALUES ('48', 'Night Sky Patrol of Tomorrow', '01:31', '26');
INSERT INTO Song VALUES ('49', 'Red fraction', '01:42', '26');
INSERT INTO Song VALUES ('50', 'Hanamaru Pippis is Just for Good Kids', '01:40', '25');
INSERT INTO Song VALUES ('51', 'Romeo', '01:50', '25');
INSERT INTO Song VALUES ('52', 'Preparation*Drea~min', '01:37', '24');
INSERT INTO Song VALUES ('53', 'READY STEADY GO', '01:41', '24');
INSERT INTO Song VALUES ('54', 'PasuPare Revolutions*', '01:38', '25');
INSERT INTO Song VALUES ('55', 'The World Has Fallen in Love', '01:56', '23');
INSERT INTO Song VALUES ('56', 'Flower stamp  Tempo', '01:40', '25');
INSERT INTO Song VALUES ('57', 'Swaying-Swaying Ring-Dong Dance', '01:45', '24');
INSERT INTO Song VALUES ('58', 'SURVIVOR Never Give Up!', '01:45', '26');
INSERT INTO Song VALUES ('59', 'BLACK SHOUT', '01:46', '25');
INSERT INTO Song VALUES ('60', 'Re:birth day', '02:00', '28');
INSERT INTO Song VALUES ('61', 'LOUDER', '01:44', '27');
INSERT INTO Song VALUES ('62', 'Sunkissed Rhodonite', '01:54', '25');
INSERT INTO Song VALUES ('63', 'Passionate Starmine', '01:54', '26');
INSERT INTO Song VALUES ('64', '-HEROIC ADVENT-', '01:39', '26');
INSERT INTO Song VALUES ('65', 'Determination Symphony', '02:06', '27');
INSERT INTO Song VALUES ('66', 'Orchestra of Smiles!', '01:36', '23');
INSERT INTO Song VALUES ('67', 'Happiness! Happy Magical', '01:36', '25');
INSERT INTO Song VALUES ('68', 'Goka! Gokai!? Phantom Thief!', '01:38', '27');
INSERT INTO Song VALUES ('69', 'Worldwide Treasure!', '01:39', '26');
INSERT INTO Song VALUES ('70', 'YAPPY! SCHOOL CARNIVAL*', '01:38', '25');
INSERT INTO Song VALUES ('71', 'Sugar Song and Bitter Step', '01:45', '28');
INSERT INTO Song VALUES ('72', 'Karma', '01:35', '26');
INSERT INTO Song VALUES ('73', 'secret base ~What You Gave~', '02:12', '25');
INSERT INTO Song VALUES ('74', 'Sky-colored Days', '01:44', '26');
INSERT INTO Song VALUES ('75', 'Soul''s Refrain', '02:32', '25');
INSERT INTO Song VALUES ('76', 'One-Thousand Cherry Trees', '01:40', '26');
INSERT INTO Song VALUES ('77', 'Love is the Servant of Chaos', '01:48', '26');
INSERT INTO Song VALUES ('78', 'Christmas Song', '02:10', '25');
INSERT INTO Song VALUES ('80', 'Don''t be afraid!', '02:01', '25');
INSERT INTO Song VALUES ('81', 'B.O.F', '01:34', '25');
INSERT INTO Song VALUES ('82', 'Y.O.L.O!!!!!', '01:55', '26');
INSERT INTO Song VALUES ('83', 'Deep Love', '01:54', '25');
INSERT INTO Song VALUES ('84', 'Rambunctious Stumbly-Tumbly March', '01:58', '26');
INSERT INTO Song VALUES ('85', 'Happy Synthesizer', '02:13', '26');
INSERT INTO Song VALUES ('86', 'Dragon Night', '01:51', '23');
INSERT INTO Song VALUES ('87', 'A Cruel Angel''s Thesis', '01:58', '25');
INSERT INTO Song VALUES ('88', 'Redo', '01:37', '27');
INSERT INTO Song VALUES ('89', 'I  Think It''s Gotta Be You', '01:42', '25');
INSERT INTO Song VALUES ('90', 'CiRCLING', '02:00', '25');
INSERT INTO Song VALUES ('91', 'Quintuple*Smile', '01:50', '25');
INSERT INTO Song VALUES ('92', 'ONENESS', '02:02', '27');
INSERT INTO Song VALUES ('93', 'Opera of the wasteland', '01:53', '28');
INSERT INTO Song VALUES ('94', 'Pride Revolution', '01:47', '25');
INSERT INTO Song VALUES ('95', 'Melancholic', '01:56', '24');
INSERT INTO Song VALUES ('96', 'Sakura Skip', '01:45', '25');
INSERT INTO Song VALUES ('97', 'Wonderland Girl', '01:57', '25');
INSERT INTO Song VALUES ('98', 'Shangri-La', '01:52', '24');
INSERT INTO Song VALUES ('99', 'fantastic dreamer', '01:39', '25');
INSERT INTO Song VALUES ('100', 'Sunny Sunny Happiness', 'None', '26');
INSERT INTO Song VALUES ('101', 'This Game', '02:02', '27');
INSERT INTO Song VALUES ('102', 'GLAMOROUS SKY', '02:25', '26');
INSERT INTO Song VALUES ('103', 'Jamboree!Journey!', '01:59', '25');
INSERT INTO Song VALUES ('104', 'Miracle', '02:16', '21');
INSERT INTO Song VALUES ('105', 'The World Stands as One from A to Z*', 'None', '26');
INSERT INTO Song VALUES ('106', 'None', '01:55', '22');
INSERT INTO Song VALUES ('107', 'Fluffy Dream-colored Sandwich', '01:59', '24');
INSERT INTO Song VALUES ('108', 'Light Delight', '02:02', '26');
INSERT INTO Song VALUES ('110', 'I''ll Miku-miku You (For reals)', 'None', '26');
INSERT INTO Song VALUES ('111', 'Double Rainbow', '01:49', '25');
INSERT INTO Song VALUES ('112', 'Whimsical Romantic', '01:52', '24');
INSERT INTO Song VALUES ('113', 'Believe in my existence', '01:33', '26');
INSERT INTO Song VALUES ('114', 'Imagination', '02:00', '26');
INSERT INTO Song VALUES ('115', 'Neo-Aspect', 'None', '26');
INSERT INTO Song VALUES ('116', 'Legendary', 'None', '25');
INSERT INTO Song VALUES ('117', 'The Sun Burns The Chaos', 'None', '26');
INSERT INTO Song VALUES ('118', 'Six Trillion Years and an Overnight Story', '01:44', '29');
INSERT INTO Song VALUES ('119', 'Fantastic future', '01:52', '26');
INSERT INTO Song VALUES ('123', 'The Best (Come on) !', '01:54', '26');
INSERT INTO Song VALUES ('124', 'Once More Luminous', '02:03', '25');
INSERT INTO Song VALUES ('125', 'night (time for the moon night)', 'None', '26');
INSERT INTO Song VALUES ('126', 'Me gustas tu', 'None', '25');
INSERT INTO Song VALUES ('127', 'DAYS', 'None', '25');
INSERT INTO Song VALUES ('128', 'Pico! Papi! Girls Band Party! PICO!!!', 'None', '26');
INSERT INTO Song VALUES ('129', 'High Five Adventure', '01:58', '26');
INSERT INTO Song VALUES ('132', 'Memories of You', '02:05', '25');
INSERT INTO Song VALUES ('133', 'Reach Out To The Truth', '01:51', '26');
INSERT INTO Song VALUES ('134', 'Life Will Change', '01:57', '26');
INSERT INTO Song VALUES ('135', 'Summer Festival', 'None', '25');
INSERT INTO Song VALUES ('136', 'COMIC PANIC!!!', 'None', '26');
INSERT INTO Song VALUES ('137', 'Charles', '01:38', '25');
INSERT INTO Song VALUES ('138', 'GO! GO! MANIAC', '01:44', '26');
INSERT INTO Song VALUES ('139', 'Sanctuary', '02:06', '25');
INSERT INTO Song VALUES ('140', 'The Lost One''s Weeping', '02:00', '26');
INSERT INTO Song VALUES ('141', 'Alien Alien', '01:53', '25');
INSERT INTO Song VALUES ('142', 'Romeo and Cinderella', '01:54', '25');
INSERT INTO Song VALUES ('143', 'Girl''s Code', '02:07', '24');
INSERT INTO Song VALUES ('144', 'The Look Of The Sky, Connected', '01:46', '26');
INSERT INTO Song VALUES ('145', 'DISCOTHEQUE', '01:36', '26');
INSERT INTO Song VALUES ('146', 'New Treasure Island', '02:05', '24');
INSERT INTO Song VALUES ('147', 'Because I''m Not Alone', '01:44', '25');
INSERT INTO Song VALUES ('148', 'Absolute Proclamation ~Recital~', '01:49', '27');

INSERT INTO Events VALUES ('1', 'Rimi''s Gift of Song', 'Normal', 'Power');
INSERT INTO Events VALUES ('2', 'SAKURA * BLOOMING PARTY!', 'Normal', 'Pure');
INSERT INTO Events VALUES ('3', 'A Song Unfinished', 'Normal', 'Cool');
INSERT INTO Events VALUES ('4', 'Happy Phantom Thief & The Luxury Cruise', 'Normal', 'Happy');
INSERT INTO Events VALUES ('5', 'Searching for Stars', 'Normal', 'Pure');
INSERT INTO Events VALUES ('6', 'As Evening Clears', 'Normal', 'Cool');
INSERT INTO Events VALUES ('7', 'Run Away Rabbits!', 'Normal', 'Happy');
INSERT INTO Events VALUES ('8', 'Past Aspirations & Pastel Futures', 'Normal', 'Power');
INSERT INTO Events VALUES ('9', 'The Impromptu Wedding Dress', 'Normal', 'Pure');
INSERT INTO Events VALUES ('10', 'Don''t Leave Me, Lisa!!!!', 'Normal', 'Cool');
INSERT INTO Events VALUES ('11', 'Wish Upon a Tanzaku', 'Normal', 'Happy');
INSERT INTO Events VALUES ('12', 'Tomoe SOS! Ako''s Grand Nursing Operation Event', 'Normal', 'Power');
INSERT INTO Events VALUES ('13', 'When the Bud Blossoms', 'Challenge Live', 'Pure');
INSERT INTO Events VALUES ('14', 'Happy Summer Vacation!', 'Normal', 'Cool');
INSERT INTO Events VALUES ('15', ' Overlapping Beats: The Fireworks Festival', 'Normal', 'Happy');
INSERT INTO Events VALUES ('16', 'The 6th Member of Afterglow', 'Challenge Live', 'Power');
INSERT INTO Events VALUES ('17', 'A Rose''s Name in a Transient World', 'Normal', 'Pure');
INSERT INTO Events VALUES ('18', 'Hello, My Happy World', 'Challenge Live', 'Cool');
INSERT INTO Events VALUES ('19', 'Pasupare Expedition: Idol Conquerors of a Deserted Island ', 'Normal', 'Happy');
INSERT INTO Events VALUES ('20', 'Kokoro''s Eternal Halloween!', 'VS Live', 'Power');
INSERT INTO Events VALUES ('21', 'Umbrella in the Autumn Rain', 'Challenge Live', 'Pure');
INSERT INTO Events VALUES ('22', 'The Teary Smile Anchor', 'Normal', 'Cool');
INSERT INTO Events VALUES ('23', 'Mismatched!? Silly Sweets Classroom', 'VS Live', 'Happy');
INSERT INTO Events VALUES ('24', 'Welcome to Eve''s Party', 'Challenge Live', 'Power');
INSERT INTO Events VALUES ('25', 'Someday I Will Deliver My Words: Lisa''s Lyrics', 'Normal', 'Pure');
INSERT INTO Events VALUES ('26', 'HAPPY Poppin'' Xmas', 'VS Live', 'Cool');
INSERT INTO Events VALUES ('27', 'Dark Blue Star', 'Normal', 'Happy');
INSERT INTO Events VALUES ('28', 'Little Smile Step!', 'Normal', 'Power');
INSERT INTO Events VALUES ('29', 'New Years Day! Trouble with the Omikuji!', 'Challenge Live', 'Pure');
INSERT INTO Events VALUES ('30', 'FUN! FUN! CiRCLING FIVESTAR!', 'VS Live', 'Cool');
INSERT INTO Events VALUES ('31', 'Neo Fantasy Online -The Journey-', 'Live Trial', 'Happy');
INSERT INTO Events VALUES ('32', 'Hectic Happy Valentines', 'VS Live', 'Power');
INSERT INTO Events VALUES ('33', 'You''re New to Winter Sports!?', 'Challenge Live', 'Pure');
INSERT INTO Events VALUES ('34', 'What a Wonderful World!', 'Live Trial', 'Cool');
INSERT INTO Events VALUES ('35', 'A White Day Musical with a Fleeting Fragrance', 'VS Live', 'Happy');
INSERT INTO Events VALUES ('36', 'Backstage Pass', 'Challenge Live', 'Power');
INSERT INTO Events VALUES ('37', 'Dash! A Journey Through the Evening Shadow', 'Live Trial', 'Happy');
INSERT INTO Events VALUES ('38', 'Freshly Blooming Largo', 'VS Live', 'Pure');
INSERT INTO Events VALUES ('39', 'My Spirit Won’t Yield! Burning Bushido', 'Challenge Live', 'Cool');
INSERT INTO Events VALUES ('40', 'Fair and Square! Fluffy Character Championship', 'Live Trial', 'Power');
INSERT INTO Events VALUES ('41', 'Double Rainbow', 'Normal', 'Happy');
INSERT INTO Events VALUES ('42', 'Girls Anthology', 'VS Live', 'Pure');
INSERT INTO Events VALUES ('43', 'Neo-Aspect', 'Normal', 'Happy');
INSERT INTO Events VALUES ('44', 'Beatin'' in the Rain', 'VS Live', 'Cool');
INSERT INTO Events VALUES ('45', 'The Cursed Well and the School''s Ghost', 'Live Trial', 'Power');
INSERT INTO Events VALUES ('49', 'Once More Luminous', 'Normal', 'Happy');
INSERT INTO Events VALUES ('50', 'On Sunday, We Got A Little Separated At The Park', 'VS Live', 'Cool');
INSERT INTO Events VALUES ('51', 'Hello Happy Adventure! ~Smiling Sleeping Treasure Island~', 'Live Trial', 'Pure');
INSERT INTO Events VALUES ('52', 'Calling Card! Evening Phantom Thieves', 'Challenge Live', 'Cool');
INSERT INTO Events VALUES ('53', 'Issen! SUMMER DIVE', 'VS Live', 'Happy');
INSERT INTO Events VALUES ('54', 'Growing Up Sisters!', 'Challenge Live', 'Pure');
INSERT INTO Events VALUES ('55', 'Shimmering Summer Water Paradise', 'Live Trial', 'Cool');
INSERT INTO Events VALUES ('56', 'New Season, Before That', 'VS Live', 'Power');

INSERT INTO Gacha VALUES ('1', 'Hanasakigawa''s Sakura');
INSERT INTO Gacha VALUES ('2', 'A Songstress Awakens');
INSERT INTO Gacha VALUES ('3', 'Detective Kokoro');
INSERT INTO Gacha VALUES ('4', 'Presents for You');
INSERT INTO Gacha VALUES ('5', 'Starlight Journey');
INSERT INTO Gacha VALUES ('6', 'Memories of Scarlet Skies');
INSERT INTO Gacha VALUES ('7', 'Tea Time in Wonderland');
INSERT INTO Gacha VALUES ('8', 'Beginnings White');
INSERT INTO Gacha VALUES ('9', 'Wedding Day');
INSERT INTO Gacha VALUES ('10', 'Elegant Roses');
INSERT INTO Gacha VALUES ('11', 'Twinkling Milky Way');
INSERT INTO Gacha VALUES ('12', 'Rockin'' Nurse');
INSERT INTO Gacha VALUES ('13', 'Flowers and Butterflies');
INSERT INTO Gacha VALUES ('14', 'Ocean-Blue Summer Skies');
INSERT INTO Gacha VALUES ('15', 'Kira Kira! Starmine');
INSERT INTO Gacha VALUES ('16', 'Haunted High Schooooool!!!!!');
INSERT INTO Gacha VALUES ('17', 'Sonata of Blue & Crimson');
INSERT INTO Gacha VALUES ('18', 'MISAKI in da house!!!');
INSERT INTO Gacha VALUES ('19', 'Doki Doki!? Idol Survivor');
INSERT INTO Gacha VALUES ('20', 'One Night Magic');
INSERT INTO Gacha VALUES ('21', 'Rainy Blue Rose');
INSERT INTO Gacha VALUES ('22', 'Cheerful! Sports Festival');
INSERT INTO Gacha VALUES ('23', 'Sweet Suite');
INSERT INTO Gacha VALUES ('24', 'Natural Wind');
INSERT INTO Gacha VALUES ('25', 'The Sunset''s Smiling Star');
INSERT INTO Gacha VALUES ('26', 'Bright Christmas');
INSERT INTO Gacha VALUES ('27', 'Frosty Twinkle Blue');
INSERT INTO Gacha VALUES ('28', 'Polar Aurora');
INSERT INTO Gacha VALUES ('29', 'New Years Dream Festival');
INSERT INTO Gacha VALUES ('30', 'Sunrise of Youthfulness');
INSERT INTO Gacha VALUES ('31', 'Shining Dream Stage');
INSERT INTO Gacha VALUES ('32', 'Our Party''s Journey - Neo Fantasy Online');
INSERT INTO Gacha VALUES ('33', 'Heart-rending Chocolate');
INSERT INTO Gacha VALUES ('34', 'White Snow Fairy');
INSERT INTO Gacha VALUES ('35', 'Pastel*Bloom Girls');
INSERT INTO Gacha VALUES ('36', 'The Beauty of a Noble White');
INSERT INTO Gacha VALUES ('37', '1st Anniversary Dream Festival');
INSERT INTO Gacha VALUES ('38', 'GIRLS BAND LIFE!');
INSERT INTO Gacha VALUES ('39', 'Rockin'' Western Girl');
INSERT INTO Gacha VALUES ('40', '~Newly Composed Score~ Melodious');
INSERT INTO Gacha VALUES ('41', 'Samurai Hearts for Troubled Times');
INSERT INTO Gacha VALUES ('42', 'Fuwa Fuwa Gao! Happy Monster');
INSERT INTO Gacha VALUES ('43', 'Sparkling Momentary Bridge');
INSERT INTO Gacha VALUES ('44', '6 Million Players Dream Festival');
INSERT INTO Gacha VALUES ('45', 'Go Go Stoooooria!');
INSERT INTO Gacha VALUES ('46', 'Melodious Gears');
INSERT INTO Gacha VALUES ('47', 'Roaring Rimshot');
INSERT INTO Gacha VALUES ('48', 'Chasing the Truth: Hard-Boiled Detective');
INSERT INTO Gacha VALUES ('49', 'Colorful Radiant Road');
INSERT INTO Gacha VALUES ('50', 'Tanabata Nostalgia');
INSERT INTO Gacha VALUES ('51', 'Exciting! Tropical Adventure Gacha');
INSERT INTO Gacha VALUES ('52', 'Gorgeous Scarlet Stage');
INSERT INTO Gacha VALUES ('53', '10 Million Players Worldwide DreamFest');
INSERT INTO Gacha VALUES ('54', 'Everlasting! Blue Ocean Splash ');
INSERT INTO Gacha VALUES ('55', 'Competing Twin Drum Gacha');
INSERT INTO Gacha VALUES ('56', 'Mysterious Coral Reef');
INSERT INTO Gacha VALUES ('57', 'Colorful Holiday');

INSERT INTO Cards VALUES ('501', '6', 'Go Ahead!', '2766', 'https://i.bandori.party/u/c/501Kasumi-Toyama-Pure-Go-Ahead-E6zICq.png', 'None', '1', 'Pure');
INSERT INTO Cards VALUES ('502', '6', 'Stage', '5700', 'https://i.bandori.party/u/c/502Kasumi-Toyama-Power-Stage-Igu4hP.png', 'None', '2', 'Power');
INSERT INTO Cards VALUES ('503', '6', 'Promised Candy', '8172', 'https://i.bandori.party/u/c/503Kasumi-Toyama-Happy-Promised-Candy-DTtYtu.png', 'https://i.bandori.party/u/c/a/503Kasumi-Toyama-Happy-Promised-Candy-zQAbGI.png', '3', 'Happy');
INSERT INTO Cards VALUES ('504', '6', 'Everyone''s at the Amusement Park', '9475', 'https://i.bandori.party/u/c/504Kasumi-Toyama-Power-Everyone-s-at-the-Amusement-Park-YA1ZWD.png', 'https://i.bandori.party/u/c/a/504Kasumi-Toyama-Power-Everyone-s-at-the-Amusement-Park-K0sBL6.png', '4', 'Power');
INSERT INTO Cards VALUES ('505', '7', 'Natural Beauty', '2904', 'https://i.bandori.party/u/c/505Tae-Hanazono-Cool-Natural-Beauty-tznjco.png', 'None', '1', 'Cool');
INSERT INTO Cards VALUES ('506', '7', 'Stage', '6072', 'https://i.bandori.party/u/c/506Tae-Hanazono-Happy-Stage-hAjM79.png', 'None', '2', 'Happy');
INSERT INTO Cards VALUES ('507', '7', 'Everyone''s Song', '8190', 'https://i.bandori.party/u/c/507Tae-Hanazono-Pure-Everyone-s-Song-NKut9u.png', 'https://i.bandori.party/u/c/a/507Tae-Hanazono-Pure-Everyone-s-Song-2kyloz.png', '3', 'Pure');
INSERT INTO Cards VALUES ('508', '7', 'Sharing Happiness', '9294', 'https://i.bandori.party/u/c/508Tae-Hanazono-Happy-Sharing-Happiness-4bSRBT.png', 'https://i.bandori.party/u/c/a/508Tae-Hanazono-Happy-Sharing-Happiness-6ud6M5.png', '4', 'Happy');
INSERT INTO Cards VALUES ('509', '8', 'I Love Chocolate', '2730', 'https://i.bandori.party/u/c/509Rimi-Ushigome-Power-I-Love-Chocolate-z0WcKV.png', 'None', '1', 'Power');
INSERT INTO Cards VALUES ('510', '8', 'Stage', '5820', 'https://i.bandori.party/u/c/510Rimi-Ushigome-Pure-Stage-OF6sBH.png', 'None', '2', 'Pure');
INSERT INTO Cards VALUES ('511', '8', 'Mustering Courage', '9108', 'https://i.bandori.party/u/c/511Rimi-Ushigome-Cool-Mustering-Courage-ARjWdX.png', 'https://i.bandori.party/u/c/a/511Rimi-Ushigome-Cool-Mustering-Courage-GqKORS.png', '3', 'Cool');
INSERT INTO Cards VALUES ('512', '8', 'Choco Cornet Time', '9294', 'https://i.bandori.party/u/c/512Rimi-Ushigome-Power-Choco-Cornet-Time-KdjbBN.png', 'https://i.bandori.party/u/c/a/512Rimi-Ushigome-Power-Choco-Cornet-Time-4qZaaU.png', '4', 'Power');
INSERT INTO Cards VALUES ('513', '9', 'Everyone''s Big Sister', '2856', 'https://i.bandori.party/u/c/513Saaya-Yamabuki-Power-Everyone-s-Big-Sister-VS6Og1.png', 'None', '1', 'Power');
INSERT INTO Cards VALUES ('514', '9', 'Stage', '5532', 'https://i.bandori.party/u/c/514Saaya-Yamabuki-Happy-Stage-0Gczkn.png', 'None', '2', 'Happy');
INSERT INTO Cards VALUES ('515', '9', 'Precious Time', '9108', 'https://i.bandori.party/u/c/515Saaya-Yamabuki-Power-Precious-Time-hS9oEh.png', 'https://i.bandori.party/u/c/a/515Saaya-Yamabuki-Power-Precious-Time-sKFrGe.png', '3', 'Power');
INSERT INTO Cards VALUES ('516', '9', 'Matching Scrunchies', '9274', 'https://i.bandori.party/u/c/516Saaya-Yamabuki-Pure-Matching-Scrunchies-byENcH.png', 'https://i.bandori.party/u/c/a/516Saaya-Yamabuki-Pure-Matching-Scrunchies-lf7uw6.png', '4', 'Pure');
INSERT INTO Cards VALUES ('517', '10', 'Honor Student at Feigning Innocence', '3030', 'https://i.bandori.party/u/c/517Arisa-Ichigaya-Happy-Honor-Student-at-Feigning-Innocence-MSYoO4.png', 'None', '1', 'Happy');
INSERT INTO Cards VALUES ('518', '10', 'Stage', '5832', 'https://i.bandori.party/u/c/518Arisa-Ichigaya-Cool-Stage-PE9O9Q.png', 'None', '2', 'Cool');
INSERT INTO Cards VALUES ('519', '10', 'Working Together', '8712', 'https://i.bandori.party/u/c/519Arisa-Ichigaya-Happy-Working-Together-OC9LV3.png', 'https://i.bandori.party/u/c/a/519Arisa-Ichigaya-Happy-Working-Together-CTv50f.png', '3', 'Happy');
INSERT INTO Cards VALUES ('520', '10', 'Cute Friends', '9798', 'https://i.bandori.party/u/c/520Arisa-Ichigaya-Cool-Cute-Friends-9nPIbC.png', 'https://i.bandori.party/u/c/a/520Arisa-Ichigaya-Cool-Cute-Friends-HxCB5o.png', '4', 'Cool');
INSERT INTO Cards VALUES ('521', '11', 'Thinking of Cool Friends', '2760', 'https://i.bandori.party/u/c/521Ran-Mitake-Pure-Thinking-of-Cool-Friends-2lsKpj.png', 'None', '1', 'Pure');
INSERT INTO Cards VALUES ('522', '11', 'Stage', '6060', 'https://i.bandori.party/u/c/522Ran-Mitake-Power-Stage-U1gqj4.png', 'None', '2', 'Power');
INSERT INTO Cards VALUES ('523', '11', 'No More Hesitating', '9090', 'https://i.bandori.party/u/c/523Ran-Mitake-Power-No-More-Hesitating-SSjWK6.png', 'https://i.bandori.party/u/c/a/523Ran-Mitake-Power-No-More-Hesitating-IsNBsV.png', '3', 'Power');
INSERT INTO Cards VALUES ('525', '12', 'My Pace', '2826', 'https://i.bandori.party/u/c/525Moca-Aoba-Cool-My-Pace-Ryc8Cs.png', 'None', '1', 'Cool');
INSERT INTO Cards VALUES ('526', '12', 'Stage', '5520', 'https://i.bandori.party/u/c/526Moca-Aoba-Pure-Stage-PJFMBz.png', 'None', '2', 'Pure');
INSERT INTO Cards VALUES ('527', '12', 'Significance of Childhood Friend', '8208', 'https://i.bandori.party/u/c/527Moca-Aoba-Happy-Significance-of-Childhood-Friend-NS8b02.png', 'https://i.bandori.party/u/c/a/527Moca-Aoba-Happy-Significance-of-Childhood-Friend-vzTvem.png', '3', 'Happy');
INSERT INTO Cards VALUES ('529', '13', 'Everyone''s Leader!', '2916', 'https://i.bandori.party/u/c/529Himari-Uehara-Happy-Everyone-s-Leader-QsKPEq.png', 'None', '1', 'Happy');
INSERT INTO Cards VALUES ('530', '13', 'Stage', '5520', 'https://i.bandori.party/u/c/530Himari-Uehara-Happy-Stage-pr67bc.png', 'None', '2', 'Happy');
INSERT INTO Cards VALUES ('531', '13', 'Mysterious Charm', '8460', 'https://i.bandori.party/u/c/531Himari-Uehara-Pure-Mysterious-Charm-63MYFP.png', 'https://i.bandori.party/u/c/a/531Himari-Uehara-Pure-Mysterious-Charm-HEwYeE.png', '3', 'Pure');
INSERT INTO Cards VALUES ('533', '14', 'Reliable Elder Sister', '3036', 'https://i.bandori.party/u/c/533Tomoe-Udagawa-Power-Reliable-Elder-Sister-Kk9eqS.png', 'None', '1', 'Power');
INSERT INTO Cards VALUES ('534', '14', 'Stage', '5892', 'https://i.bandori.party/u/c/534Tomoe-Udagawa-Cool-Stage-nVL5ZK.png', 'None', '2', 'Cool');
INSERT INTO Cards VALUES ('535', '14', 'You''re Not Being Honest', '8298', 'https://i.bandori.party/u/c/535Tomoe-Udagawa-Cool-You-re-Not-Being-Honest-KHoCYE.png', 'https://i.bandori.party/u/c/a/535Tomoe-Udagawa-Cool-You-re-Not-Being-Honest-9e0fva.png', '3', 'Cool');
INSERT INTO Cards VALUES ('537', '15', 'Everyone''s Support', '2904', 'https://i.bandori.party/u/c/537Tsugumi-Hazawa-Pure-Everyone-s-Support-6qd0V9.png', 'None', '1', 'Pure');
INSERT INTO Cards VALUES ('538', '15', 'Stage', '6060', 'https://i.bandori.party/u/c/538Tsugumi-Hazawa-Power-Stage-v995lT.png', 'None', '2', 'Power');
INSERT INTO Cards VALUES ('539', '15', 'The Beginning', '9000', 'https://i.bandori.party/u/c/539Tsugumi-Hazawa-Power-The-Beginning-nvIzDQ.png', 'https://i.bandori.party/u/c/a/539Tsugumi-Hazawa-Power-The-Beginning-rFtnMK.png', '3', 'Power');
INSERT INTO Cards VALUES ('541', '16', 'Abnormality of Hanasakigawa', '3000', 'https://i.bandori.party/u/c/541Kokoro-Tsurumaki-Happy-Abnormality-of-Hanasakigawa-xAYzhT.png', 'None', '1', 'Happy');
INSERT INTO Cards VALUES ('542', '16', 'Stage', '5880', 'https://i.bandori.party/u/c/542Kokoro-Tsurumaki-Pure-Stage-LwN8gH.png', 'None', '2', 'Pure');
INSERT INTO Cards VALUES ('543', '16', 'Invincible Hero', '9018', 'https://i.bandori.party/u/c/543Kokoro-Tsurumaki-Power-Invincible-Hero-ZIOgrZ.png', 'https://i.bandori.party/u/c/a/543Kokoro-Tsurumaki-Power-Invincible-Hero-A2464e.png', '3', 'Power');
INSERT INTO Cards VALUES ('545', '17', 'Prince of Rumours', '2994', 'https://i.bandori.party/u/c/545Kaoru-Seta-Happy-Prince-of-Rumours-XcUWud.png', 'None', '1', 'Happy');
INSERT INTO Cards VALUES ('546', '17', 'Stage', '5892', 'https://i.bandori.party/u/c/546Kaoru-Seta-Cool-Stage-kLK3xi.png', 'None', '2', 'Cool');
INSERT INTO Cards VALUES ('547', '17', 'The Actress Who Paints the World', '8208', 'https://i.bandori.party/u/c/547Kaoru-Seta-Cool-The-Actress-Who-Paints-the-World-wB7p4N.png', 'https://i.bandori.party/u/c/a/547Kaoru-Seta-Cool-The-Actress-Who-Paints-the-World-WOqyg9.png', '3', 'Cool');
INSERT INTO Cards VALUES ('549', '18', 'Smile Captain', '2820', 'https://i.bandori.party/u/c/549Hagumi-Kitazawa-Power-Smile-Captain-bsXzUu.png', 'None', '1', 'Power');
INSERT INTO Cards VALUES ('550', '18', 'Stage', '5448', 'https://i.bandori.party/u/c/550Hagumi-Kitazawa-Happy-Stage-rEGwyn.png', 'None', '2', 'Happy');
INSERT INTO Cards VALUES ('551', '18', 'Everyone, ready, lets go!', '8298', 'https://i.bandori.party/u/c/551Hagumi-Kitazawa-Happy-Everyone-ready-lets-go-ACUdiJ.png', 'https://i.bandori.party/u/c/a/551Hagumi-Kitazawa-Happy-Everyone-ready-lets-go-762nbB.png', '3', 'Happy');
INSERT INTO Cards VALUES ('553', '19', 'Quiet Girl', '2910', 'https://i.bandori.party/u/c/553Kanon-Matsubara-Pure-Quiet-Girl-CcRHgO.png', 'None', '1', 'Pure');
INSERT INTO Cards VALUES ('554', '19', 'Stage', '6012', 'https://i.bandori.party/u/c/554Kanon-Matsubara-Power-Stage-O7IOby.png', 'None', '2', 'Power');
INSERT INTO Cards VALUES ('555', '19', 'One Step Forward', '8748', 'https://i.bandori.party/u/c/555Kanon-Matsubara-Pure-One-Step-Forward-V8FGha.png', 'https://i.bandori.party/u/c/a/555Kanon-Matsubara-Pure-One-Step-Forward-EDYO4p.png', '3', 'Pure');
INSERT INTO Cards VALUES ('557', '20', 'Everything in Moderation', '2814', 'https://i.bandori.party/u/c/557Misaki-Okusawa-Cool-Everything-in-Moderation-fdfNiZ.png', 'None', '1', 'Cool');
INSERT INTO Cards VALUES ('558', '20', 'Stage', '5880', 'https://i.bandori.party/u/c/558Misaki-Okusawa-Happy-Stage-Y1qHY1.png', 'None', '2', 'Happy');
INSERT INTO Cards VALUES ('559', '20', 'Michelle''s Secret', '9018', 'https://i.bandori.party/u/c/559Misaki-Okusawa-Happy-Michelle-s-Secret-wDctzY.png', 'https://i.bandori.party/u/c/a/559Misaki-Okusawa-Happy-Michelle-s-Secret-zPdgBm.png', '3', 'Happy');
INSERT INTO Cards VALUES ('561', '21', 'In Charge of Pink*', '2814', 'https://i.bandori.party/u/c/561Aya-Maruyama-Power-In-Charge-of-Pink-MZGyEG.png', 'None', '1', 'Power');
INSERT INTO Cards VALUES ('562', '21', 'Stage', '5808', 'https://i.bandori.party/u/c/562Aya-Maruyama-Pure-Stage-Qj0m6T.png', 'None', '2', 'Pure');
INSERT INTO Cards VALUES ('563', '21', 'Surefire Idol Pose*', '9000', 'https://i.bandori.party/u/c/563Aya-Maruyama-Pure-Surefire-Idol-Pose-OVAydP.png', 'https://i.bandori.party/u/c/a/563Aya-Maruyama-Pure-Surefire-Idol-Pose-W3pOAR.png', '3', 'Pure');
INSERT INTO Cards VALUES ('565', '22', 'Genius Girl', '2736', 'https://i.bandori.party/u/c/565Hina-Hikawa-Cool-Genius-Girl-jMt71M.png', 'None', '1', 'Cool');
INSERT INTO Cards VALUES ('566', '22', 'Stage', '6072', 'https://i.bandori.party/u/c/566Hina-Hikawa-Happy-Stage-FUT96Y.png', 'None', '2', 'Happy');
INSERT INTO Cards VALUES ('567', '22', 'Mysterious Beings', '8838', 'https://i.bandori.party/u/c/567Hina-Hikawa-Power-Mysterious-Beings-a4OnE7.png', 'https://i.bandori.party/u/c/a/567Hina-Hikawa-Power-Mysterious-Beings-t6I6SD.png', '3', 'Power');
INSERT INTO Cards VALUES ('569', '23', 'Heavily-Guarded Smile', '2724', 'https://i.bandori.party/u/c/569Chisato-Shirasagi-Happy-Heavily-Guarded-Smile-OIkxmC.png', 'None', '1', 'Happy');
INSERT INTO Cards VALUES ('570', '23', 'Stage', '6000', 'https://i.bandori.party/u/c/570Chisato-Shirasagi-Power-Stage-VoWOoA.png', 'None', '2', 'Power');
INSERT INTO Cards VALUES ('571', '23', 'Journey of Aspiration', '8190', 'https://i.bandori.party/u/c/571Chisato-Shirasagi-Cool-Journey-of-Aspiration-A7ajQC.png', 'https://i.bandori.party/u/c/a/571Chisato-Shirasagi-Cool-Journey-of-Aspiration-g9hGG7.png', '3', 'Cool');
INSERT INTO Cards VALUES ('573', '24', 'Otaku Drummer', '2766', 'https://i.bandori.party/u/c/573Maya-Yamato-Pure-Otaku-Drummer-6rrXya.png', 'None', '1', 'Pure');
INSERT INTO Cards VALUES ('574', '24', 'Stage', '5532', 'https://i.bandori.party/u/c/574Maya-Yamato-Cool-Stage-Gx1v15.png', 'None', '2', 'Cool');
INSERT INTO Cards VALUES ('575', '24', 'My Real Face', '8982', 'https://i.bandori.party/u/c/575Maya-Yamato-Pure-My-Real-Face-DSOmRZ.png', 'https://i.bandori.party/u/c/a/575Maya-Yamato-Pure-My-Real-Face-IJu2P7.png', '3', 'Pure');
INSERT INTO Cards VALUES ('577', '25', 'Bushido!', '2826', 'https://i.bandori.party/u/c/577Eve-Wakamiya-Pure-Bushido-hvq9kE.png', 'None', '1', 'Pure');
INSERT INTO Cards VALUES ('578', '25', 'Stage', '6072', 'https://i.bandori.party/u/c/578Eve-Wakamiya-Cool-Stage-ZAQvRo.png', 'None', '2', 'Cool');
INSERT INTO Cards VALUES ('579', '25', 'Samurai Should Help One Another in Times of Need', '8442', 'https://i.bandori.party/u/c/579Eve-Wakamiya-Happy-Samurai-Should-Help-One-Another-in-Times-of-Need-EKjzuS.png', 'https://i.bandori.party/u/c/a/579Eve-Wakamiya-Happy-Samurai-Should-Help-One-Another-in-Times-of-Need-27gapz.png', '3', 'Happy');
INSERT INTO Cards VALUES ('581', '26', 'Isolated Diva', '2820', 'https://i.bandori.party/u/c/581Yukina-Minato-Cool-Isolated-Diva-bZwtfQ.png', 'None', '1', 'Cool');
INSERT INTO Cards VALUES ('582', '26', 'Stage', '5712', 'https://i.bandori.party/u/c/582Yukina-Minato-Power-Stage-x9lF9X.png', 'None', '2', 'Power');
INSERT INTO Cards VALUES ('583', '26', 'Prepare for the Diva', '8730', 'https://i.bandori.party/u/c/583Yukina-Minato-Happy-Prepare-for-the-Diva-fNKor2.png', 'https://i.bandori.party/u/c/a/583Yukina-Minato-Happy-Prepare-for-the-Diva-pjQnaf.png', '3', 'Happy');
INSERT INTO Cards VALUES ('585', '27', 'The Most Earnest', '2766', 'https://i.bandori.party/u/c/585Sayo-Hikawa-Cool-The-Most-Earnest-3e35YI.png', 'None', '1', 'Cool');
INSERT INTO Cards VALUES ('586', '27', 'Stage', '5532', 'https://i.bandori.party/u/c/586Sayo-Hikawa-Pure-Stage-OMIl47.png', 'None', '2', 'Pure');
INSERT INTO Cards VALUES ('587', '27', 'Double Trouble', '8442', 'https://i.bandori.party/u/c/587Sayo-Hikawa-Cool-Double-Trouble-uzlOfC.png', 'https://i.bandori.party/u/c/a/587Sayo-Hikawa-Cool-Double-Trouble-VcXJc6.png', '3', 'Cool');
INSERT INTO Cards VALUES ('589', '28', 'Mood Maker*', '3006', 'https://i.bandori.party/u/c/589Lisa-Imai-Happy-Mood-Maker-ZzFo5N.png', 'None', '1', 'Happy');
INSERT INTO Cards VALUES ('590', '28', 'Stage', '5712', 'https://i.bandori.party/u/c/590Lisa-Imai-Cool-Stage-K4b5Sk.png', 'None', '2', 'Cool');
INSERT INTO Cards VALUES ('591', '28', 'Scars of Effort', '8712', 'https://i.bandori.party/u/c/591Lisa-Imai-Pure-Scars-of-Effort-zZCsA6.png', 'https://i.bandori.party/u/c/a/591Lisa-Imai-Pure-Scars-of-Effort-4XiJru.png', '3', 'Pure');
INSERT INTO Cards VALUES ('593', '29', 'Cool! Drummer', '3006', 'https://i.bandori.party/u/c/593Ako-Udagawa-Power-Cool-Drummer-iEW8Wn.png', 'None', '1', 'Power');
INSERT INTO Cards VALUES ('594', '29', 'Stage', '5892', 'https://i.bandori.party/u/c/594Ako-Udagawa-Cool-Stage-NaYLXH.png', 'None', '2', 'Cool');
INSERT INTO Cards VALUES ('595', '29', 'Little Devil', '9090', 'https://i.bandori.party/u/c/595Ako-Udagawa-Power-Little-Devil-io6ZD4.png', 'https://i.bandori.party/u/c/a/595Ako-Udagawa-Power-Little-Devil-3N4lcY.png', '3', 'Power');
INSERT INTO Cards VALUES ('597', '30', 'Crowds are my Weakness', '2910', 'https://i.bandori.party/u/c/597Rinko-Shirokane-Pure-Crowds-are-my-Weakness-SY199w.png', 'None', '1', 'Pure');
INSERT INTO Cards VALUES ('598', '30', 'Stage', '5712', 'https://i.bandori.party/u/c/598Rinko-Shirokane-Happy-Stage-dIL9QD.png', 'None', '2', 'Happy');
INSERT INTO Cards VALUES ('599', '30', 'I, What Should I do...', '8748', 'https://i.bandori.party/u/c/599Rinko-Shirokane-Cool-I-What-Should-I-do-KdLGmz.png', 'https://i.bandori.party/u/c/a/599Rinko-Shirokane-Cool-I-What-Should-I-do-bLcusc.png', '3', 'Cool');
INSERT INTO Cards VALUES ('601', '6', 'Cherry Blossom Viewing with Everyone', '8568', 'https://i.bandori.party/u/c/601Kasumi-Toyama-Cool-Cherry-Blossom-Viewing-with-Everyone-VpnWIS.png', 'https://i.bandori.party/u/c/a/601Kasumi-Toyama-Cool-Cherry-Blossom-Viewing-with-Everyone-L3j6ND.png', '3', 'Cool');
INSERT INTO Cards VALUES ('602', '10', 'Under the Blooming Sakura', '10201', 'https://i.bandori.party/u/c/602Arisa-Ichigaya-Pure-Under-the-Blooming-Sakura-mwJnjm.png', 'https://i.bandori.party/u/c/a/602Arisa-Ichigaya-Pure-Under-the-Blooming-Sakura-63rCiq.png', '4', 'Pure');
INSERT INTO Cards VALUES ('603', '16', 'Sakura Special!', '8820', 'https://i.bandori.party/u/c/603Kokoro-Tsurumaki-Pure-Sakura-Special-qv28M2.png', 'https://i.bandori.party/u/c/a/603Kokoro-Tsurumaki-Pure-Sakura-Special-pIWWlO.png', '3', 'Pure');
INSERT INTO Cards VALUES ('604', '25', 'Longing for Cherry Blossom Viewing', '5652', 'https://i.bandori.party/u/c/604Eve-Wakamiya-Pure-Longing-for-Cherry-Blossom-Viewing-GUoEQU.png', 'None', '2', 'Pure');
INSERT INTO Cards VALUES ('605', '20', 'Sakura Michelle', '5988', 'https://i.bandori.party/u/c/605Misaki-Okusawa-Power-Sakura-Michelle-HS63hT.png', 'None', '2', 'Power');
INSERT INTO Cards VALUES ('606', '26', 'Diva of the Birdcage', '9274', 'https://i.bandori.party/u/c/606Yukina-Minato-Cool-Diva-of-the-Birdcage-cS7B4h.png', 'https://i.bandori.party/u/c/a/606Yukina-Minato-Cool-Diva-of-the-Birdcage-ueHQE9.png', '4', 'Cool');
INSERT INTO Cards VALUES ('607', '29', 'Dedicated Ambitions', '8298', 'https://i.bandori.party/u/c/607Ako-Udagawa-Cool-Dedicated-Ambitions-UzZEW5.png', 'https://i.bandori.party/u/c/a/607Ako-Udagawa-Cool-Dedicated-Ambitions-ZAP1qf.png', '3', 'Cool');
INSERT INTO Cards VALUES ('608', '30', 'Pure Enthusiasm', '9108', 'https://i.bandori.party/u/c/608Rinko-Shirokane-Pure-Pure-Enthusiasm-uA0ULm.png', 'https://i.bandori.party/u/c/a/608Rinko-Shirokane-Pure-Pure-Enthusiasm-lp9TJ7.png', '3', 'Pure');
INSERT INTO Cards VALUES ('609', '27', 'The Sounds I Want to Repeat', '5712', 'https://i.bandori.party/u/c/609Sayo-Hikawa-Happy-The-Sounds-I-Want-to-Repeat-U5uZ0c.png', 'None', '2', 'Happy');
INSERT INTO Cards VALUES ('610', '28', 'Observant Heart', '5628', 'https://i.bandori.party/u/c/610Lisa-Imai-Cool-Observant-Heart-fk41fB.png', 'None', '2', 'Cool');
INSERT INTO Cards VALUES ('611', '16', 'The Great Detective Onboard', '10100', 'https://i.bandori.party/u/c/611Kokoro-Tsurumaki-Happy-The-Great-Detective-Onboard-1kJ2nV.png', 'https://i.bandori.party/u/c/a/611Kokoro-Tsurumaki-Happy-The-Great-Detective-Onboard-tU1JnQ.png', '4', 'Happy');
INSERT INTO Cards VALUES ('612', '17', 'HaroHapi Thief', '8838', 'https://i.bandori.party/u/c/612Kaoru-Seta-Happy-HaroHapi-Thief-7FpEwt.png', 'https://i.bandori.party/u/c/a/612Kaoru-Seta-Happy-HaroHapi-Thief-PdKRGI.png', '3', 'Happy');
INSERT INTO Cards VALUES ('613', '20', 'Love Confession', '8478', 'https://i.bandori.party/u/c/613Misaki-Okusawa-Power-Love-Confession-Scsuk9.png', 'https://i.bandori.party/u/c/a/613Misaki-Okusawa-Power-Love-Confession-D8UPll.png', '3', 'Power');
INSERT INTO Cards VALUES ('614', '18', 'Cute Detective', '5460', 'https://i.bandori.party/u/c/614Hagumi-Kitazawa-Pure-Cute-Detective-vD6Ys0.png', 'None', '2', 'Pure');
INSERT INTO Cards VALUES ('615', '19', 'Captive Princess', '5472', 'https://i.bandori.party/u/c/615Kanon-Matsubara-Happy-Captive-Princess-OjxRfH.png', 'None', '2', 'Happy');
INSERT INTO Cards VALUES ('616', '8', 'The Sister I Admire', '8280', 'https://i.bandori.party/u/c/616Rimi-Ushigome-Happy-The-Sister-I-Admire-ccYbet.png', 'https://i.bandori.party/u/c/a/616Rimi-Ushigome-Happy-The-Sister-I-Admire-kH8OIl.png', '3', 'Happy');
INSERT INTO Cards VALUES ('617', '9', 'Good Luck Bread', '8568', 'https://i.bandori.party/u/c/617Saaya-Yamabuki-Power-Good-Luck-Bread-ejEBvT.png', 'https://i.bandori.party/u/c/a/617Saaya-Yamabuki-Power-Good-Luck-Bread-y7SpgM.png', '3', 'Power');
INSERT INTO Cards VALUES ('618', '7', 'Staying Over in my Pajamas', '10080', 'https://i.bandori.party/u/c/618Tae-Hanazono-Power-Staying-Over-in-my-Pajamas-KXVKeS.png', 'https://i.bandori.party/u/c/a/618Tae-Hanazono-Power-Staying-Over-in-my-Pajamas-2NbucX.png', '4', 'Power');
INSERT INTO Cards VALUES ('619', '6', 'The First Customer', '5514', 'https://i.bandori.party/u/c/619Kasumi-Toyama-Pure-The-First-Customer-zycuCO.png', 'None', '2', 'Pure');
INSERT INTO Cards VALUES ('620', '10', 'Sleep Over with the Five of Us', '5640', 'https://i.bandori.party/u/c/620Arisa-Ichigaya-Power-Sleep-Over-with-the-Five-of-Us-jvSx1Z.png', 'None', '2', 'Power');
INSERT INTO Cards VALUES ('621', '11', 'The Proof That I am Here', '9899', 'https://i.bandori.party/u/c/621Ran-Mitake-Pure-The-Proof-That-I-am-Here-IbjqFb.png', 'https://i.bandori.party/u/c/a/621Ran-Mitake-Pure-The-Proof-That-I-am-Here-igWrHk.png', '4', 'Pure');
INSERT INTO Cards VALUES ('622', '6', 'Sound of the Beginning', '10060', 'https://i.bandori.party/u/c/622Kasumi-Toyama-Pure-Sound-of-the-Beginning-qwM9cI.png', 'https://i.bandori.party/u/c/a/622Kasumi-Toyama-Pure-Sound-of-the-Beginning-IC8MhN.png', '4', 'Pure');
INSERT INTO Cards VALUES ('623', '22', 'Several Light Years of Light', '8550', 'https://i.bandori.party/u/c/623Hina-Hikawa-Cool-Several-Light-Years-of-Light-8hbcE6.png', 'https://i.bandori.party/u/c/a/623Hina-Hikawa-Cool-Several-Light-Years-of-Light-HJPdNc.png', '3', 'Cool');
INSERT INTO Cards VALUES ('625', '15', 'Meteor Shower', '5694', 'https://i.bandori.party/u/c/625Tsugumi-Hazawa-Pure-Meteor-Shower-XS2j4N.png', 'None', '2', 'Pure');
INSERT INTO Cards VALUES ('626', '12', 'The Feelings I''ll Accept', '10181', 'https://i.bandori.party/u/c/626Moca-Aoba-Cool-The-Feelings-I-ll-Accept-gtsMF7.png', 'https://i.bandori.party/u/c/a/626Moca-Aoba-Cool-The-Feelings-I-ll-Accept-yzJUuP.png', '4', 'Cool');
INSERT INTO Cards VALUES ('627', '11', 'Sunset Memories', '8271', 'https://i.bandori.party/u/c/627Ran-Mitake-Pure-Sunset-Memories-Uvya4J.png', 'https://i.bandori.party/u/c/a/627Ran-Mitake-Pure-Sunset-Memories-ZNZ2St.png', '3', 'Pure');
INSERT INTO Cards VALUES ('628', '15', 'Lets make a band!', '8811', 'https://i.bandori.party/u/c/628Tsugumi-Hazawa-Cool-Lets-make-a-band-npnvKy.png', 'https://i.bandori.party/u/c/a/628Tsugumi-Hazawa-Cool-Lets-make-a-band-0LQ3O4.png', '3', 'Cool');
INSERT INTO Cards VALUES ('629', '14', 'A Close Childhood Friend', '5694', 'https://i.bandori.party/u/c/629Tomoe-Udagawa-Happy-A-Close-Childhood-Friend-rxYYQI.png', 'None', '2', 'Happy');
INSERT INTO Cards VALUES ('630', '13', 'A nostalgic song', '5874', 'https://i.bandori.party/u/c/630Himari-Uehara-Cool-A-nostalgic-song-yXR5dJ.png', 'None', '2', 'Cool');
INSERT INTO Cards VALUES ('631', '19', 'Bunny Hunt', '10171', 'https://i.bandori.party/u/c/631Kanon-Matsubara-Happy-Bunny-Hunt-POvUEb.png', 'https://i.bandori.party/u/c/a/631Kanon-Matsubara-Happy-Bunny-Hunt-eX4yWl.png', '4', 'Happy');
INSERT INTO Cards VALUES ('632', '10', 'Arisa in Wonderland', '8541', 'https://i.bandori.party/u/c/632Arisa-Ichigaya-Happy-Arisa-in-Wonderland-6eb817.png', 'https://i.bandori.party/u/c/a/632Arisa-Ichigaya-Happy-Arisa-in-Wonderland-0XvqrL.png', '3', 'Happy');
INSERT INTO Cards VALUES ('633', '7', 'The Great Bunny Strategy', '8811', 'https://i.bandori.party/u/c/633Tae-Hanazono-Cool-The-Great-Bunny-Strategy-SJpu0Z.png', 'https://i.bandori.party/u/c/a/633Tae-Hanazono-Cool-The-Great-Bunny-Strategy-gLmXvk.png', '3', 'Cool');
INSERT INTO Cards VALUES ('634', '23', 'Queen of Hearts', '5514', 'https://i.bandori.party/u/c/634Chisato-Shirasagi-Pure-Queen-of-Hearts-456wHU.png', 'None', '2', 'Pure');
INSERT INTO Cards VALUES ('635', '25', 'The Spirit of Bushido', '5874', 'https://i.bandori.party/u/c/635Eve-Wakamiya-Happy-The-Spirit-of-Bushido-vtPAdh.png', 'None', '2', 'Happy');
INSERT INTO Cards VALUES ('636', '21', 'My First Aspiration', '9567', 'https://i.bandori.party/u/c/636Aya-Maruyama-Power-My-First-Aspiration-CkN5Nd.png', 'https://i.bandori.party/u/c/a/636Aya-Maruyama-Power-My-First-Aspiration-ACYo1a.png', '4', 'Power');
INSERT INTO Cards VALUES ('637', '23', 'Place of Purity', '9081', 'https://i.bandori.party/u/c/637Chisato-Shirasagi-Power-Place-of-Purity-Xyvmy6.png', 'https://i.bandori.party/u/c/a/637Chisato-Shirasagi-Power-Place-of-Purity-kbO78D.png', '3', 'Power');
INSERT INTO Cards VALUES ('638', '25', 'Model Mode', '8811', 'https://i.bandori.party/u/c/638Eve-Wakamiya-Cool-Model-Mode-CTqPL2.png', 'https://i.bandori.party/u/c/a/638Eve-Wakamiya-Cool-Model-Mode-8kO4mg.png', '3', 'Cool');
INSERT INTO Cards VALUES ('639', '24', 'Encounter with Drums', '6054', 'https://i.bandori.party/u/c/639Maya-Yamato-Happy-Encounter-with-Drums-pZOy8H.png', 'None', '2', 'Happy');
INSERT INTO Cards VALUES ('640', '22', 'An Important Opportunity', '5694', 'https://i.bandori.party/u/c/640Hina-Hikawa-Power-An-Important-Opportunity-FOMKHz.png', 'None', '2', 'Power');
INSERT INTO Cards VALUES ('641', '8', 'Beautiful Kitten', '10201', 'https://i.bandori.party/u/c/641Rimi-Ushigome-Pure-Beautiful-Kitten-8iTxh8.png', 'https://i.bandori.party/u/c/a/641Rimi-Ushigome-Pure-Beautiful-Kitten-qMKmwS.png', '4', 'Pure');
INSERT INTO Cards VALUES ('642', '14', 'Wedding Crashers', '8541', 'https://i.bandori.party/u/c/642Tomoe-Udagawa-Pure-Wedding-Crashers-dRhZ2f.png', 'https://i.bandori.party/u/c/a/642Tomoe-Udagawa-Pure-Wedding-Crashers-WHSI3T.png', '3', 'Pure');
INSERT INTO Cards VALUES ('643', '9', 'A Bride for Only One Day', '8811', 'https://i.bandori.party/u/c/643Saaya-Yamabuki-Cool-A-Bride-for-Only-One-Day-P4KCGk.png', 'https://i.bandori.party/u/c/a/643Saaya-Yamabuki-Cool-A-Bride-for-Only-One-Day-RHYsao.png', '3', 'Cool');
INSERT INTO Cards VALUES ('644', '29', 'I Want to Attend the Wedding!', '5874', 'https://i.bandori.party/u/c/644Ako-Udagawa-Happy-I-Want-to-Attend-the-Wedding-AXRf3a.png', 'None', '2', 'Happy');
INSERT INTO Cards VALUES ('645', '17', 'The Prince that Protects the Princess', '5694', 'https://i.bandori.party/u/c/645Kaoru-Seta-Pure-The-Prince-that-Protects-the-Princess-6va2Mc.png', 'None', '2', 'Pure');
INSERT INTO Cards VALUES ('646', '30', 'Acquainted Phone Call', '10171', 'https://i.bandori.party/u/c/646Rinko-Shirokane-Cool-Acquainted-Phone-Call-4GNmI9.png', 'https://i.bandori.party/u/c/a/646Rinko-Shirokane-Cool-Acquainted-Phone-Call-TPasbT.png', '4', 'Cool');
INSERT INTO Cards VALUES ('647', '26', '4 People at the Cafeteria', '9081', 'https://i.bandori.party/u/c/647Yukina-Minato-Cool-4-People-at-the-Cafeteria-fj9DYL.png', 'https://i.bandori.party/u/c/a/647Yukina-Minato-Cool-4-People-at-the-Cafeteria-jgTilI.png', '3', 'Cool');
INSERT INTO Cards VALUES ('648', '28', 'Indispensable Existence', '8271', 'https://i.bandori.party/u/c/648Lisa-Imai-Happy-Indispensable-Existence-0YFGXj.png', 'https://i.bandori.party/u/c/a/648Lisa-Imai-Happy-Indispensable-Existence-KtQurX.png', '3', 'Happy');
INSERT INTO Cards VALUES ('649', '27', 'Summer''s Soft Serve', '5694', 'https://i.bandori.party/u/c/649Sayo-Hikawa-Power-Summer-s-Soft-Serve-LAQfMN.png', 'None', '2', 'Power');
INSERT INTO Cards VALUES ('650', '29', 'Refreshing Ourselves', '6054', 'https://i.bandori.party/u/c/650Ako-Udagawa-Cool-Refreshing-Ourselves-tKiypI.png', 'None', '2', 'Cool');
INSERT INTO Cards VALUES ('651', '22', 'A Very Important Tanzaku', '9899', 'https://i.bandori.party/u/c/651Hina-Hikawa-Happy-A-Very-Important-Tanzaku-Ch6UKF.png', 'https://i.bandori.party/u/c/a/651Hina-Hikawa-Happy-A-Very-Important-Tanzaku-cSfu7q.png', '4', 'Happy');
INSERT INTO Cards VALUES ('652', '27', 'The Tanabata We Spend Together', '9455', 'https://i.bandori.party/u/c/652Sayo-Hikawa-Happy-The-Tanabata-We-Spend-Together-QEpaZ6.png', 'https://i.bandori.party/u/c/a/652Sayo-Hikawa-Happy-The-Tanabata-We-Spend-Together-FQwOBn.png', '4', 'Happy');
INSERT INTO Cards VALUES ('653', '21', 'Working at Tanabata', '9081', 'https://i.bandori.party/u/c/653Aya-Maruyama-Power-Working-at-Tanabata-2qjYR3.png', 'https://i.bandori.party/u/c/a/653Aya-Maruyama-Power-Working-at-Tanabata-PPZg7A.png', '3', 'Power');
INSERT INTO Cards VALUES ('654', '19', 'The Star Orihime', '5874', 'https://i.bandori.party/u/c/654Kanon-Matsubara-Cool-The-Star-Orihime-MQgB5X.png', 'None', '2', 'Cool');
INSERT INTO Cards VALUES ('655', '28', 'Connected Together', '6054', 'https://i.bandori.party/u/c/655Lisa-Imai-Happy-Connected-Together-OXQSbd.png', 'None', '2', 'Happy');
INSERT INTO Cards VALUES ('656', '14', 'The Patient in Pajamas', '9778', 'https://i.bandori.party/u/c/656Tomoe-Udagawa-Power-The-Patient-in-Pajamas-N0ulNg.png', 'https://i.bandori.party/u/c/a/656Tomoe-Udagawa-Power-The-Patient-in-Pajamas-JRvlY2.png', '4', 'Power');
INSERT INTO Cards VALUES ('657', '29', 'Nurse Just for Tomoe', '10170', 'https://i.bandori.party/u/c/657Ako-Udagawa-Power-Nurse-Just-for-Tomoe-4OYHw0.png', 'https://i.bandori.party/u/c/a/657Ako-Udagawa-Power-Nurse-Just-for-Tomoe-2Ir7aD.png', '4', 'Power');
INSERT INTO Cards VALUES ('658', '18', 'The Source of Being Healthy', '8541', 'https://i.bandori.party/u/c/658Hagumi-Kitazawa-Pure-The-Source-of-Being-Healthy-9HJcuE.png', 'https://i.bandori.party/u/c/a/658Hagumi-Kitazawa-Pure-The-Source-of-Being-Healthy-alJRBf.png', '3', 'Pure');
INSERT INTO Cards VALUES ('659', '15', 'These Warm Feelings', '5694', 'https://i.bandori.party/u/c/659Tsugumi-Hazawa-Cool-These-Warm-Feelings-7STubn.png', 'None', '2', 'Cool');
INSERT INTO Cards VALUES ('660', '9', 'A Kind Gift', '5874', 'https://i.bandori.party/u/c/660Saaya-Yamabuki-Power-A-Kind-Gift-Bko4oG.png', 'None', '2', 'Power');
INSERT INTO Cards VALUES ('661', '23', 'Friends I Can Trust', '9596', 'https://i.bandori.party/u/c/661Chisato-Shirasagi-Pure-Friends-I-Can-Trust-s0IGQf.png', 'https://i.bandori.party/u/c/a/661Chisato-Shirasagi-Pure-Friends-I-Can-Trust-z8bDfk.png', '4', 'Pure');
INSERT INTO Cards VALUES ('662', '25', 'Bouquet Filled With My Feelings', '9081', 'https://i.bandori.party/u/c/662Eve-Wakamiya-Pure-Bouquet-Filled-With-My-Feelings-qAzukI.png', 'https://i.bandori.party/u/c/a/662Eve-Wakamiya-Pure-Bouquet-Filled-With-My-Feelings-F0LQXZ.png', '3', 'Pure');
INSERT INTO Cards VALUES ('663', '24', 'Moved to Tears', '8271', 'https://i.bandori.party/u/c/663Maya-Yamato-Power-Moved-to-Tears-EO6CtG.png', 'https://i.bandori.party/u/c/a/663Maya-Yamato-Power-Moved-to-Tears-Xt1xvS.png', '3', 'Power');
INSERT INTO Cards VALUES ('664', '21', 'Giving My Full Support', '5694', 'https://i.bandori.party/u/c/664Aya-Maruyama-Power-Giving-My-Full-Support-rtjEw5.png', 'None', '2', 'Power');
INSERT INTO Cards VALUES ('665', '22', 'Behind the Stage', '5694', 'https://i.bandori.party/u/c/665Hina-Hikawa-Pure-Behind-the-Stage-CXDkyc.png', 'None', '2', 'Pure');
INSERT INTO Cards VALUES ('666', '28', 'Dazzling Sunlight', '9567', 'https://i.bandori.party/u/c/666Lisa-Imai-Cool-Dazzling-Sunlight-FnPYzO.png', 'https://i.bandori.party/u/c/a/666Lisa-Imai-Cool-Dazzling-Sunlight-Yt8dsK.png', '4', 'Cool');
INSERT INTO Cards VALUES ('667', '13', '3 People Splashing About', '8811', 'https://i.bandori.party/u/c/667Himari-Uehara-Cool-3-People-Splashing-About-pixVGS.png', 'https://i.bandori.party/u/c/a/667Himari-Uehara-Cool-3-People-Splashing-About-7HNGf1.png', '3', 'Cool');
INSERT INTO Cards VALUES ('668', '30', 'Picking Out a Swimsuit', '8541', 'https://i.bandori.party/u/c/668Rinko-Shirokane-Happy-Picking-Out-a-Swimsuit-yBKLB5.png', 'https://i.bandori.party/u/c/a/668Rinko-Shirokane-Happy-Picking-Out-a-Swimsuit-VTGP1o.png', '3', 'Happy');
INSERT INTO Cards VALUES ('669', '29', 'Swim Ring and the Ocean', '5694', 'https://i.bandori.party/u/c/669Ako-Udagawa-Pure-Swim-Ring-and-the-Ocean-JQZnku.png', 'None', '2', 'Pure');
INSERT INTO Cards VALUES ('670', '21', 'Manager for a Day', '5874', 'https://i.bandori.party/u/c/670Aya-Maruyama-Cool-Manager-for-a-Day-7mHj9U.png', 'None', '2', 'Cool');
INSERT INTO Cards VALUES ('671', '9', 'Preparing an Outfit for the Evening', '9567', 'https://i.bandori.party/u/c/671Saaya-Yamabuki-Happy-Preparing-an-Outfit-for-the-Evening-Lebu3p.png', 'https://i.bandori.party/u/c/a/671Saaya-Yamabuki-Happy-Preparing-an-Outfit-for-the-Evening-ZTLlLs.png', '4', 'Happy');
INSERT INTO Cards VALUES ('672', '7', 'If you hold hands', '8541', 'https://i.bandori.party/u/c/672Tae-Hanazono-Happy-If-you-hold-hands-eqy2MW.png', 'https://i.bandori.party/u/c/a/672Tae-Hanazono-Happy-If-you-hold-hands-diiUCW.png', '3', 'Happy');
INSERT INTO Cards VALUES ('673', '10', 'A Secret Place', '8541', 'https://i.bandori.party/u/c/673Arisa-Ichigaya-Power-A-Secret-Place-CnUs7e.png', 'https://i.bandori.party/u/c/a/673Arisa-Ichigaya-Power-A-Secret-Place-D7qrEA.png', '3', 'Power');
INSERT INTO Cards VALUES ('674', '6', 'Oath! Festival Display!', '5514', 'https://i.bandori.party/u/c/674Kasumi-Toyama-Happy-Oath-Festival-Display-lHZaLL.png', 'None', '2', 'Happy');
INSERT INTO Cards VALUES ('675', '8', 'Soft Coronet', '5694', 'https://i.bandori.party/u/c/675Rimi-Ushigome-Happy-Soft-Coronet-rYkggF.png', 'None', '2', 'Happy');
INSERT INTO Cards VALUES ('676', '6', 'Garupa Cafe 2017', '6389', 'https://i.bandori.party/u/c/676Kasumi-Toyama-Power-Garupa-Cafe-2017-DqYgWi.png', 'None', '2', 'Power');
INSERT INTO Cards VALUES ('677', '11', 'Garupa Cafe 2017', '6072', 'https://i.bandori.party/u/c/677Ran-Mitake-Cool-Garupa-Cafe-2017-kgBxaf.png', 'None', '2', 'Cool');
INSERT INTO Cards VALUES ('678', '21', 'Garupa Cafe 2017', '6481', 'https://i.bandori.party/u/c/678Aya-Maruyama-Pure-Garupa-Cafe-2017-qKtZMt.png', 'None', '2', 'Pure');
INSERT INTO Cards VALUES ('679', '26', 'Garupa Cafe 2017', '6065', 'https://i.bandori.party/u/c/679Yukina-Minato-Happy-Garupa-Cafe-2017-DJ4MKI.png', 'None', '2', 'Happy');
INSERT INTO Cards VALUES ('680', '16', 'Garupa Cafe 2017', '6462', 'https://i.bandori.party/u/c/680Kokoro-Tsurumaki-Happy-Garupa-Cafe-2017-zAfA4s.png', 'None', '2', 'Happy');
INSERT INTO Cards VALUES ('681', '13', 'Forgotten Ghost', '9455', 'https://i.bandori.party/u/c/681Himari-Uehara-Power-Forgotten-Ghost-sFl6fE.png', 'https://i.bandori.party/u/c/a/681Himari-Uehara-Power-Forgotten-Ghost-Hx27Cv.png', '4', 'Power');
INSERT INTO Cards VALUES ('682', '12', 'Seven Wonders of the Academy', '8478', 'https://i.bandori.party/u/c/682Moca-Aoba-Power-Seven-Wonders-of-the-Academy-IEKd8D.png', 'https://i.bandori.party/u/c/a/682Moca-Aoba-Power-Seven-Wonders-of-the-Academy-dxUhOH.png', '3', 'Power');
INSERT INTO Cards VALUES ('683', '11', 'Eerie Library', '8811', 'https://i.bandori.party/u/c/683Ran-Mitake-Cool-Eerie-Library-8kQ4dE.png', 'https://i.bandori.party/u/c/a/683Ran-Mitake-Cool-Eerie-Library-VH2ZF7.png', '3', 'Cool');
INSERT INTO Cards VALUES ('684', '15', 'Tsugu, The Hero', '6054', 'https://i.bandori.party/u/c/684Tsugumi-Hazawa-Happy-The-Hero-Tsugu-9kXjXm.png', 'None', '2', 'Happy');
INSERT INTO Cards VALUES ('685', '14', 'Scary Stories of the Staircase', '5874', 'https://i.bandori.party/u/c/685Tomoe-Udagawa-Power-Scary-Stories-of-the-Staircase-JEIlMw.png', 'None', '2', 'Power');
INSERT INTO Cards VALUES ('691', '17', 'An Old Name', '9565', 'https://i.bandori.party/u/c/691Kaoru-Seta-Pure-An-Old-Name-LN5xPU.png', 'https://i.bandori.party/u/c/a/691Kaoru-Seta-Pure-An-Old-Name-pZZhuB.png', '4', 'Pure');
INSERT INTO Cards VALUES ('692', '15', 'Student Council Work', '9081', 'https://i.bandori.party/u/c/692Tsugumi-Hazawa-Pure-Student-Council-Work-TED8FT.png', 'https://i.bandori.party/u/c/a/692Tsugumi-Hazawa-Pure-Student-Council-Work-IORfRf.png', '3', 'Pure');
INSERT INTO Cards VALUES ('693', '23', 'The Name of Juliet', '8811', 'https://i.bandori.party/u/c/693Chisato-Shirasagi-Pure-The-Name-of-Juliet-laumqL.png', 'https://i.bandori.party/u/c/a/693Chisato-Shirasagi-Pure-The-Name-of-Juliet-Wyquub.png', '3', 'Pure');
INSERT INTO Cards VALUES ('694', '28', 'Romantic', '6054', 'https://i.bandori.party/u/c/694Lisa-Imai-Pure-Romantic-QMAjRg.png', 'None', '2', 'Pure');
INSERT INTO Cards VALUES ('695', '24', 'Support for 2 People', '5874', 'https://i.bandori.party/u/c/695Maya-Yamato-Pure-Support-for-2-People-GcNgQr.png', 'None', '2', 'Pure');
INSERT INTO Cards VALUES ('726', '20', 'My important thing', '9869', 'https://i.bandori.party/u/c/726Misaki-Okusawa-Cool-My-important-thing-atQrT2.png', 'https://i.bandori.party/u/c/a/726Misaki-Okusawa-Cool-My-important-thing-8O9wkC.png', '4', 'Cool');
INSERT INTO Cards VALUES ('727', '19', 'I want to help you', '8811', 'https://i.bandori.party/u/c/727Kanon-Matsubara-Cool-I-want-to-help-you-FDSE2g.png', 'https://i.bandori.party/u/c/a/727Kanon-Matsubara-Cool-I-want-to-help-you-12Hohu.png', '3', 'Cool');
INSERT INTO Cards VALUES ('728', '16', 'Happy Revolution!', '9081', 'https://i.bandori.party/u/c/728Kokoro-Tsurumaki-Happy-Happy-Revolution-arpw1a.png', 'https://i.bandori.party/u/c/a/728Kokoro-Tsurumaki-Happy-Happy-Revolution-PKAXnN.png', '3', 'Happy');
INSERT INTO Cards VALUES ('729', '17', 'This is also fleeting', '6054', 'https://i.bandori.party/u/c/729Kaoru-Seta-Power-This-is-also-fleeting-DG6uys.png', 'None', '2', 'Power');
INSERT INTO Cards VALUES ('730', '18', 'Crackle, crackle!', '5874', 'https://i.bandori.party/u/c/730Hagumi-Kitazawa-Cool-Crackle-crackle-V2qgmd.png', 'None', '2', 'Cool');
INSERT INTO Cards VALUES ('731', '6', 'Collab Lawson 2017', '6019', 'https://i.bandori.party/u/c/731Kasumi-Toyama-Cool-Collab-Lawson-2017-ugkkkA.png', 'None', '2', 'Cool');
INSERT INTO Cards VALUES ('732', '11', 'Collab Lawson 2017', '6587', 'https://i.bandori.party/u/c/732Ran-Mitake-Happy-Collab-Lawson-2017-tuXNfA.png', 'None', '2', 'Happy');
INSERT INTO Cards VALUES ('733', '21', 'Collab Lawson 2017', '6006', 'https://i.bandori.party/u/c/733Aya-Maruyama-Cool-Collab-Lawson-2017-Xei2zk.png', 'None', '2', 'Cool');
INSERT INTO Cards VALUES ('734', '26', 'Collab Lawson 2017', '6461', 'https://i.bandori.party/u/c/734Yukina-Minato-Pure-Collab-Lawson-2017-YsIkJW.png', 'None', '2', 'Pure');
INSERT INTO Cards VALUES ('735', '16', 'Collab Lawson 2017', '6065', 'https://i.bandori.party/u/c/735Kokoro-Tsurumaki-Power-Collab-Lawson-2017-jUgKbH.png', 'None', '2', 'Power');
INSERT INTO Cards VALUES ('736', '24', 'Real survivor', '9868', 'https://i.bandori.party/u/c/736Maya-Yamato-Happy-Real-survivor-4SYIqx.png', 'https://i.bandori.party/u/c/a/736Maya-Yamato-Happy-Real-survivor-ZMmM2D.png', '4', 'Happy');
INSERT INTO Cards VALUES ('737', '23', 'Really panicked', '8811', 'https://i.bandori.party/u/c/737Chisato-Shirasagi-Happy-Really-panicked-TB9lOn.png', 'https://i.bandori.party/u/c/a/737Chisato-Shirasagi-Happy-Really-panicked-4HypxI.png', '3', 'Happy');
INSERT INTO Cards VALUES ('738', '22', 'Really wobbly!', '8811', 'https://i.bandori.party/u/c/738Hina-Hikawa-Pure-Really-wobbly-pvmbbT.png', 'https://i.bandori.party/u/c/a/738Hina-Hikawa-Pure-Really-wobbly-vOpFEA.png', '3', 'Pure');
INSERT INTO Cards VALUES ('739', '25', 'Really clear mind', '5514', 'https://i.bandori.party/u/c/739Eve-Wakamiya-Power-Really-clear-mind-wIzLrj.png', 'None', '2', 'Power');
INSERT INTO Cards VALUES ('740', '21', 'Really Alert...', '5694', 'https://i.bandori.party/u/c/740Aya-Maruyama-Happy-Really-Alert-sRudKP.png', 'None', '2', 'Happy');
INSERT INTO Cards VALUES ('741', '16', 'Apprentice Witch', '10171', 'https://i.bandori.party/u/c/741Kokoro-Tsurumaki-Power-Apprentice-Witch-XXAPjK.png', 'https://i.bandori.party/u/c/a/741Kokoro-Tsurumaki-Power-Apprentice-Witch-4Lu9jd.png', '4', 'Power');
INSERT INTO Cards VALUES ('742', '20', 'Witch Michelle', '8811', 'https://i.bandori.party/u/c/742Misaki-Okusawa-Power-Witch-Michelle-F068zT.png', 'https://i.bandori.party/u/c/a/742Misaki-Okusawa-Power-Witch-Michelle-yXIpGf.png', '3', 'Power');
INSERT INTO Cards VALUES ('743', '13', 'Sexy Vampire', '8541', 'https://i.bandori.party/u/c/743Himari-Uehara-Power-Sexy-vampire-tmfCqr.png', 'https://i.bandori.party/u/c/a/743Himari-Uehara-Power-Sexy-vampire-o14Q83.png', '3', 'Power');
INSERT INTO Cards VALUES ('744', '26', 'First time wearing cat ears', '6054', 'https://i.bandori.party/u/c/744Yukina-Minato-Cool-First-time-wearing-cat-ears-pqU3nF.png', 'None', '2', 'Cool');
INSERT INTO Cards VALUES ('745', '8', 'Shy angel', '6054', 'https://i.bandori.party/u/c/745Rimi-Ushigome-Power-Shy-angel-if0zut.png', 'None', '2', 'Power');
INSERT INTO Cards VALUES ('751', '16', 'BANG! and Appear', '6217', 'https://i.bandori.party/u/c/751Kokoro-Tsurumaki-Pure-BANG-and-Appear-73s56v.png', 'None', '2', 'Pure');
INSERT INTO Cards VALUES ('752', '17', 'BANG! and Appear', '6481', 'https://i.bandori.party/u/c/752Kaoru-Seta-Happy-BANG-and-Appear-tpgjIG.png', 'None', '2', 'Happy');
INSERT INTO Cards VALUES ('753', '18', 'BANG! Appear', '6679', 'https://i.bandori.party/u/c/753Hagumi-Kitazawa-Power-BANG-Appear-U7GZRU.png', 'None', '2', 'Power');
INSERT INTO Cards VALUES ('754', '19', 'BANG! and Appear', '6191', 'https://i.bandori.party/u/c/754Kanon-Matsubara-Pure-BANG-and-Appear-tot8Ha.png', 'None', '2', 'Pure');
INSERT INTO Cards VALUES ('755', '20', 'BANG! and Appear', '6468', 'https://i.bandori.party/u/c/755Misaki-Okusawa-Cool-BANG-and-Appear-z35qpG.png', 'None', '2', 'Cool');
INSERT INTO Cards VALUES ('756', '26', 'Beyond the autumn clouds', '10282', 'https://i.bandori.party/u/c/756Yukina-Minato-Pure-Beyond-the-autumn-clouds-DqtZbv.png', 'https://i.bandori.party/u/c/a/756Yukina-Minato-Pure-Beyond-the-autumn-clouds-aUJ5So.png', '4', 'Pure');
INSERT INTO Cards VALUES ('757', '27', 'Raindrops and tears', '9090', 'https://i.bandori.party/u/c/757Sayo-Hikawa-Pure-Raindrops-and-tears-Qpx4mB.png', 'https://i.bandori.party/u/c/a/757Sayo-Hikawa-Pure-Raindrops-and-tears-U0DQ8G.png', '3', 'Pure');
INSERT INTO Cards VALUES ('758', '29', 'Eternal longing!', '9090', 'https://i.bandori.party/u/c/758Ako-Udagawa-Pure-Eternal-longing-YqT99t.png', 'https://i.bandori.party/u/c/a/758Ako-Udagawa-Pure-Eternal-longing-v8KBxu.png', '3', 'Pure');
INSERT INTO Cards VALUES ('759', '28', 'Necessary existence ', '5874', 'https://i.bandori.party/u/c/759Lisa-Imai-Power-Necessary-existence-TEunwY.png', 'None', '2', 'Power');
INSERT INTO Cards VALUES ('760', '30', 'Slight worry', '5880', 'https://i.bandori.party/u/c/760Rinko-Shirokane-Pure-Slight-worry-ZRkgb4.png', 'None', '2', 'Pure');
INSERT INTO Cards VALUES ('761', '18', 'Competitive smile', '10282', 'https://i.bandori.party/u/c/761Hagumi-Kitazawa-Cool-Competitive-smile-unTKKj.png', 'https://i.bandori.party/u/c/a/761Hagumi-Kitazawa-Cool-Competitive-smile-ZwmNPm.png', '4', 'Cool');
INSERT INTO Cards VALUES ('762', '7', 'Bread eating race!', '9180', 'https://i.bandori.party/u/c/762Tae-Hanazono-Cool-Bread-eating-race-Ud2jSc.png', 'https://i.bandori.party/u/c/a/762Tae-Hanazono-Cool-Bread-eating-race-cO7dnW.png', '3', 'Cool');
INSERT INTO Cards VALUES ('763', '21', 'Ossu? Ossu!', '8820', 'https://i.bandori.party/u/c/763Aya-Maruyama-Happy-Ossu-Ossu-nrZabp.png', 'https://i.bandori.party/u/c/a/763Aya-Maruyama-Happy-Ossu-Ossu-RNdYUg.png', '3', 'Happy');
INSERT INTO Cards VALUES ('764', '20', 'White team support?', '6060', 'https://i.bandori.party/u/c/764Misaki-Okusawa-Pure-White-team-support-TNOWk2.png', 'None', '2', 'Pure');
INSERT INTO Cards VALUES ('765', '10', 'Sportsmanship', '5880', 'https://i.bandori.party/u/c/765Arisa-Ichigaya-Cool-Sportsmanship-MJ1RzA.png', 'None', '2', 'Cool');
INSERT INTO Cards VALUES ('766', '15', 'Teacher of Sweets', '10182', 'https://i.bandori.party/u/c/766Tsugumi-Hazawa-Happy-Teacher-of-Sweets-0jXSwe.png', 'https://i.bandori.party/u/c/a/766Tsugumi-Hazawa-Happy-Teacher-of-Sweets-hKOBkR.png', '4', 'Happy');
INSERT INTO Cards VALUES ('767', '22', 'About this much', '9180', 'https://i.bandori.party/u/c/767Hina-Hikawa-Happy-About-this-much-xKykpF.png', 'https://i.bandori.party/u/c/a/767Hina-Hikawa-Happy-About-this-much-EMsGb3.png', '3', 'Happy');
INSERT INTO Cards VALUES ('768', '27', 'Making cookies', '8550', 'https://i.bandori.party/u/c/768Sayo-Hikawa-Power-Making-cookies-6A9IME.png', 'https://i.bandori.party/u/c/a/768Sayo-Hikawa-Power-Making-cookies-0CA2Vw.png', '3', 'Power');
INSERT INTO Cards VALUES ('769', '30', 'Blue rose maid', '6060', 'https://i.bandori.party/u/c/769Rinko-Shirokane-Power-Blue-rose-maid-HHlT7S.png', 'None', '2', 'Power');
INSERT INTO Cards VALUES ('770', '25', 'Pastel maid', '5874', 'https://i.bandori.party/u/c/770Eve-Wakamiya-Happy-Pastel-maid-GCK7vA.png', 'None', '2', 'Happy');
INSERT INTO Cards VALUES ('776', '25', 'The best hospitality ', '10181', 'https://i.bandori.party/u/c/776Eve-Wakamiya-Power-The-best-hospitality-A1iMby.png', 'https://i.bandori.party/u/c/a/776Eve-Wakamiya-Power-The-best-hospitality-b0ItFJ.png', '4', 'Power');
INSERT INTO Cards VALUES ('777', '6', 'Origami with everyone', '9090', 'https://i.bandori.party/u/c/777Kasumi-Toyama-Power-Origami-with-everyone-H8Kg1f.png', 'https://i.bandori.party/u/c/a/777Kasumi-Toyama-Power-Origami-with-everyone-qeYS1t.png', '3', 'Power');
INSERT INTO Cards VALUES ('778', '19', 'Transformation technique?', '8820', 'https://i.bandori.party/u/c/778Kanon-Matsubara-Power-Transformation-technique-q9AqTp.png', 'https://i.bandori.party/u/c/a/778Kanon-Matsubara-Power-Transformation-technique-66yqLs.png', '3', 'Power');
INSERT INTO Cards VALUES ('779', '10', 'Substitute guardian', '6060', 'https://i.bandori.party/u/c/779Arisa-Ichigaya-Pure-Substitute-guardian-nyKMtH.png', 'None', '2', 'Pure');
INSERT INTO Cards VALUES ('780', '13', 'One''s good qualities', '5880', 'https://i.bandori.party/u/c/780Himari-Uehara-Power-One-s-good-qualities-z2xyqW.png', 'None', '2', 'Power');
INSERT INTO Cards VALUES ('781', '28', 'Earnest challenger', '10181', 'https://i.bandori.party/u/c/781Lisa-Imai-Pure-Earnest-challenger-wkln5q.png', 'https://i.bandori.party/u/c/a/781Lisa-Imai-Pure-Earnest-challenger-75sVQT.png', '4', 'Pure');
INSERT INTO Cards VALUES ('782', '12', 'Best work friend', '9090', 'https://i.bandori.party/u/c/782Moca-Aoba-Pure-Best-work-friend-AhvMMn.png', 'https://i.bandori.party/u/c/a/782Moca-Aoba-Pure-Best-work-friend-wRgzio.png', '3', 'Pure');
INSERT INTO Cards VALUES ('783', '26', 'Lisa''s lyrics', '8820', 'https://i.bandori.party/u/c/783Yukina-Minato-Pure-Lisa-s-lyrics-HYwT68.png', 'https://i.bandori.party/u/c/a/783Yukina-Minato-Pure-Lisa-s-lyrics-dC6hGf.png', '3', 'Pure');
INSERT INTO Cards VALUES ('784', '16', 'Poppin & After', '6060', 'https://i.bandori.party/u/c/784Kokoro-Tsurumaki-Cool-Poppin-After-amlJnt.png', 'None', '2', 'Cool');
INSERT INTO Cards VALUES ('785', '11', 'Poppin & Happy', '5880', 'https://i.bandori.party/u/c/785Ran-Mitake-Pure-Poppin-Happy-aCvDqC.png', 'None', '2', 'Pure');
INSERT INTO Cards VALUES ('786', '9', 'Merry surprise!', '10181', 'https://i.bandori.party/u/c/786Saaya-Yamabuki-Cool-Merry-surprise-xHJkLl.png', 'https://i.bandori.party/u/c/a/786Saaya-Yamabuki-Cool-Merry-surprise-m6XtGI.png', '4', 'Cool');
INSERT INTO Cards VALUES ('787', '10', 'Christmas with everyone', '9180', 'https://i.bandori.party/u/c/787Arisa-Ichigaya-Cool-Christmas-with-everyone-RHXPFb.png', 'https://i.bandori.party/u/c/a/787Arisa-Ichigaya-Cool-Christmas-with-everyone-cCQDMT.png', '3', 'Cool');
INSERT INTO Cards VALUES ('788', '8', 'Party preperation', '8820', 'https://i.bandori.party/u/c/788Rimi-Ushigome-Power-Party-preperation-HyDnH8.png', 'https://i.bandori.party/u/c/a/788Rimi-Ushigome-Power-Party-preperation-kJoMgl.png', '3', 'Power');
INSERT INTO Cards VALUES ('789', '7', 'Santa''s beard', '5700', 'https://i.bandori.party/u/c/789Tae-Hanazono-Cool-Santa-s-beard-DNalf2.png', 'None', '2', 'Cool');
INSERT INTO Cards VALUES ('790', '6', 'Attack Santa', '5940', 'https://i.bandori.party/u/c/790Kasumi-Toyama-Cool-Attack-Santa-kmlt8v.png', 'None', '2', 'Cool');
INSERT INTO Cards VALUES ('791', '11', 'Life-sized night sky', '10181', 'https://i.bandori.party/u/c/791Ran-Mitake-Happy-Life-sized-night-sky-lstRzH.png', 'https://i.bandori.party/u/c/a/791Ran-Mitake-Happy-Life-sized-night-sky-MpxA0t.png', '4', 'Happy');
INSERT INTO Cards VALUES ('792', '13', 'Special place', '9180', 'https://i.bandori.party/u/c/792Himari-Uehara-Happy-Special-place-wn5jEQ.png', 'https://i.bandori.party/u/c/a/792Himari-Uehara-Happy-Special-place-SxCT4w.png', '3', 'Happy');
INSERT INTO Cards VALUES ('793', '14', 'Words that cannot be spoken', '9081', 'https://i.bandori.party/u/c/793Tomoe-Udagawa-Power-Words-that-cannot-be-spoken-HJIyW5.png', 'https://i.bandori.party/u/c/a/793Tomoe-Udagawa-Power-Words-that-cannot-be-spoken-50FwB0.png', '3', 'Power');
INSERT INTO Cards VALUES ('794', '12', 'A small growth?', '6060', 'https://i.bandori.party/u/c/794Moca-Aoba-Happy-A-small-growth-0fRekJ.png', 'None', '2', 'Happy');
INSERT INTO Cards VALUES ('795', '15', 'Looking up at the night sky', '5880', 'https://i.bandori.party/u/c/795Tsugumi-Hazawa-Happy-Looking-up-at-the-night-sky-EiKcco.png', 'None', '2', 'Happy');
INSERT INTO Cards VALUES ('796', '19', 'A Determined Step', '10181', 'https://i.bandori.party/u/c/796Kanon-Matsubara-Power-A-Determined-Step-yidElg.png', 'https://i.bandori.party/u/c/a/796Kanon-Matsubara-Power-A-Determined-Step-Hyl43S.png', '4', 'Power');
INSERT INTO Cards VALUES ('797', '18', 'Cute ''lil Thing!', '9090', 'https://i.bandori.party/u/c/797Hagumi-Kitazawa-Power-Cute-lil-Thing-ZXdj42.png', 'https://i.bandori.party/u/c/a/797Hagumi-Kitazawa-Power-Cute-lil-Thing-XJmWUx.png', '3', 'Power');
INSERT INTO Cards VALUES ('798', '17', 'An Absolutely Fleeting Creature', '8811', 'https://i.bandori.party/u/c/798Kaoru-Seta-Pure-An-Absolutely-Fleeting-Creature-Pmgbab.png', 'https://i.bandori.party/u/c/a/798Kaoru-Seta-Pure-An-Absolutely-Fleeting-Creature-9M2nEW.png', '3', 'Pure');
INSERT INTO Cards VALUES ('799', '20', 'Penguin or Bear?', '5700', 'https://i.bandori.party/u/c/799Misaki-Okusawa-Cool-Penguin-or-Bear-xdo8a2.png', 'None', '2', 'Cool');
INSERT INTO Cards VALUES ('800', '16', 'I''m a Penguin Too!', '5940', 'https://i.bandori.party/u/c/800Kokoro-Tsurumaki-Power-I-m-a-Penguin-Too-2ZHahn.png', 'None', '2', 'Power');
INSERT INTO Cards VALUES ('801', '25', 'My First Mochi-Pounding', '10181', 'https://i.bandori.party/u/c/801Eve-Wakamiya-Pure-My-First-Mochi-Pounding-n7G7dH.png', 'https://i.bandori.party/u/c/a/801Eve-Wakamiya-Pure-My-First-Mochi-Pounding-X3zDuV.png', '4', 'Pure');
INSERT INTO Cards VALUES ('802', '16', 'Fun-filled New Year', '10281', 'https://i.bandori.party/u/c/802Kokoro-Tsurumaki-Pure-Fun-filled-New-Year-zzWQjn.png', 'https://i.bandori.party/u/c/a/802Kokoro-Tsurumaki-Pure-Fun-filled-New-Year-lMBMi3.png', '4', 'Pure');
INSERT INTO Cards VALUES ('803', '24', 'A Reporter''s Job', '8550', 'https://i.bandori.party/u/c/803Maya-Yamato-Happy-A-Reporter-s-Job-g79Tz4.png', 'https://i.bandori.party/u/c/a/803Maya-Yamato-Happy-A-Reporter-s-Job-yKwX25.png', '3', 'Happy');
INSERT INTO Cards VALUES ('804', '14', 'A temple''s guardian''s work', '5700', 'https://i.bandori.party/u/c/804Tomoe-Udagawa-Pure-A-temple-s-guardian-s-work-CYBOSR.png', 'None', '2', 'Pure');
INSERT INTO Cards VALUES ('805', '30', 'Cute Sunday clothes', '9090', 'https://i.bandori.party/u/c/805Rinko-Shirokane-Pure-Cute-Sunday-clothes-r6vnWJ.png', 'https://i.bandori.party/u/c/a/805Rinko-Shirokane-Pure-Cute-Sunday-clothes-a4iNlj.png', '3', 'Pure');
INSERT INTO Cards VALUES ('806', '21', 'Our Poster', '10201', 'https://i.bandori.party/u/c/806Aya-Maruyama-Pure-Our-Poster-1UMpkd.png', 'https://i.bandori.party/u/c/a/806Aya-Maruyama-Pure-Our-Poster-xresGo.png', '4', 'Pure');
INSERT INTO Cards VALUES ('807', '27', 'A Captivating Hand', '10201', 'https://i.bandori.party/u/c/807Sayo-Hikawa-Power-A-Captivating-Hand-0xud8B.png', 'https://i.bandori.party/u/c/a/807Sayo-Hikawa-Power-A-Captivating-Hand-fTYhw7.png', '4', 'Power');
INSERT INTO Cards VALUES ('833', '6', 'To the best stage!', '10181', 'https://i.bandori.party/u/c/833Kasumi-Toyama-Cool-To-the-best-stage-x5BGB7.png', 'https://i.bandori.party/u/c/a/833Kasumi-Toyama-Cool-To-the-best-stage-ubEBAn.png', '4', 'Cool');
INSERT INTO Cards VALUES ('834', '7', 'Beyond just there', '10180', 'https://i.bandori.party/u/c/834Tae-Hanazono-Cool-Beyond-just-there-TeGaHX.png', 'https://i.bandori.party/u/c/a/834Tae-Hanazono-Cool-Beyond-just-there-7Bc7CX.png', '4', 'Cool');
INSERT INTO Cards VALUES ('835', '9', 'Tons of memories', '8820', 'https://i.bandori.party/u/c/835Saaya-Yamabuki-Happy-Tons-of-memories-NFzapU.png', 'https://i.bandori.party/u/c/a/835Saaya-Yamabuki-Happy-Tons-of-memories-WhYkpm.png', '3', 'Happy');
INSERT INTO Cards VALUES ('836', '10', 'A fun performance', '6060', 'https://i.bandori.party/u/c/836Arisa-Ichigaya-Happy-A-fun-performance-vRIFBT.png', 'None', '2', 'Happy');
INSERT INTO Cards VALUES ('837', '8', 'I got nervous', '9180', 'https://i.bandori.party/u/c/837Rimi-Ushigome-Cool-I-got-nervous-N97GGh.png', 'https://i.bandori.party/u/c/a/837Rimi-Ushigome-Cool-I-got-nervous-rFVxwn.png', '3', 'Cool');
INSERT INTO Cards VALUES ('838', '6', 'Colorful Poppin’!', '6120', 'https://i.bandori.party/u/c/838Kasumi-Toyama-Happy-Colorful-Poppin-dIL9nj.png', 'None', '2', 'Happy');
INSERT INTO Cards VALUES ('839', '7', 'Colorful Poppin’!', '6120', 'https://i.bandori.party/u/c/839Tae-Hanazono-Power-Colorful-Poppin-abQ9If.png', 'None', '2', 'Power');
INSERT INTO Cards VALUES ('840', '8', 'Colorful Poppin’!', '6060', 'https://i.bandori.party/u/c/840Rimi-Ushigome-Cool-Colorful-Poppin-qKMEr7.png', 'None', '2', 'Cool');
INSERT INTO Cards VALUES ('841', '9', 'Colorful Poppin’!', '6120', 'https://i.bandori.party/u/c/841Saaya-Yamabuki-Pure-Colorful-Poppin-MaazqK.png', 'None', '2', 'Pure');
INSERT INTO Cards VALUES ('842', '10', 'Colorful Poppin’!', '6060', 'https://i.bandori.party/u/c/842Arisa-Ichigaya-Power-Colorful-Poppin-Mpv7zo.png', 'None', '2', 'Power');
INSERT INTO Cards VALUES ('843', '11', 'Glow-Up Rock', '6120', 'https://i.bandori.party/u/c/843Ran-Mitake-Cool-Glow-Up-Rock-YGIAxX.png', 'None', '2', 'Cool');
INSERT INTO Cards VALUES ('844', '12', 'Glow-Up Rock', '6060', 'https://i.bandori.party/u/c/844Moca-Aoba-Power-Glow-Up-Rock-XFFcqJ.png', 'None', '2', 'Power');
INSERT INTO Cards VALUES ('845', '13', 'Glow-Up Rock', '6120', 'https://i.bandori.party/u/c/845Himari-Uehara-Pure-Glow-Up-Rock-70IuYe.png', 'None', '2', 'Pure');
INSERT INTO Cards VALUES ('846', '14', 'Glow-Up Rock', '6060', 'https://i.bandori.party/u/c/846Tomoe-Udagawa-Happy-Glow-Up-Rock-mrQqOL.png', 'None', '2', 'Happy');
INSERT INTO Cards VALUES ('847', '15', 'Glow-Up Rock', '6120', 'https://i.bandori.party/u/c/847Tsugumi-Hazawa-Cool-Glow-Up-Rock-l4zeqo.png', 'None', '2', 'Cool');
INSERT INTO Cards VALUES ('848', '16', 'Smiling Magic', '6120', 'https://i.bandori.party/u/c/848Kokoro-Tsurumaki-Happy-Smiling-Magic-sAxY0o.png', 'None', '2', 'Happy');
INSERT INTO Cards VALUES ('849', '17', 'Smiling Magic', '6060', 'https://i.bandori.party/u/c/849Kaoru-Seta-Power-Smiling-Magic-AAikzL.png', 'None', '2', 'Power');
INSERT INTO Cards VALUES ('850', '18', 'Smiling Magic', '6120', 'https://i.bandori.party/u/c/850Hagumi-Kitazawa-Pure-Smiling-Magic-8ZW1Sd.png', 'None', '2', 'Pure');
INSERT INTO Cards VALUES ('851', '19', 'Smiling Magic', '6120', 'https://i.bandori.party/u/c/851Kanon-Matsubara-Cool-Smiling-Magic-Gcfxlf.png', 'None', '2', 'Cool');
INSERT INTO Cards VALUES ('852', '20', 'Smiling Magic', '6060', 'https://i.bandori.party/u/c/852Misaki-Okusawa-Pure-Smiling-Magic-4Km4Fg.png', 'None', '2', 'Pure');
INSERT INTO Cards VALUES ('853', '21', 'A Sparkling Stage Awaits', '6120', 'https://i.bandori.party/u/c/853Aya-Maruyama-Happy-A-Sparkling-Stage-Awaits-QSoITY.png', 'None', '2', 'Happy');
INSERT INTO Cards VALUES ('854', '22', 'A Sparkling Stage Awaits', '6120', 'https://i.bandori.party/u/c/854Hina-Hikawa-Cool-A-Sparkling-Stage-Awaits-FFRduT.png', 'None', '2', 'Cool');
INSERT INTO Cards VALUES ('855', '23', 'A Sparkling Stage Awaits', '6120', 'https://i.bandori.party/u/c/855Chisato-Shirasagi-Happy-A-Sparkling-Stage-Awaits-wWRjEN.png', 'None', '2', 'Happy');
INSERT INTO Cards VALUES ('856', '24', 'A Sparkling Stage Awaits', '6120', 'https://i.bandori.party/u/c/856Maya-Yamato-Pure-A-Sparkling-Stage-Awaits-CQ2StL.png', 'None', '2', 'Pure');
INSERT INTO Cards VALUES ('857', '25', 'A Sparkling Stage Awaits', '6120', 'https://i.bandori.party/u/c/857Eve-Wakamiya-Power-A-Sparkling-Stage-Awaits-SkE7cZ.png', 'None', '2', 'Power');
INSERT INTO Cards VALUES ('858', '26', 'Overlapping Blue Roses', '6060', 'https://i.bandori.party/u/c/858Yukina-Minato-Pure-Overlapping-Blue-Roses-64q8mZ.png', 'None', '2', 'Pure');
INSERT INTO Cards VALUES ('859', '27', 'Overlapping Blue Roses', '6060', 'https://i.bandori.party/u/c/859Sayo-Hikawa-Cool-Overlapping-Blue-Roses-fPs3ET.png', 'None', '2', 'Cool');
INSERT INTO Cards VALUES ('860', '28', 'Overlapping Blue Roses', '6120', 'https://i.bandori.party/u/c/860Lisa-Imai-Happy-Overlapping-Blue-Roses-n6MDaR.png', 'None', '2', 'Happy');
INSERT INTO Cards VALUES ('861', '29', 'Overlapping Blue Roses', '6120', 'https://i.bandori.party/u/c/861Ako-Udagawa-Power-Overlapping-Blue-Roses-AONSsh.png', 'None', '2', 'Power');
INSERT INTO Cards VALUES ('862', '30', 'Overlapping Blue Roses', '6120', 'https://i.bandori.party/u/c/862Rinko-Shirokane-Cool-Overlapping-Blue-Roses-gzkiv8.png', 'None', '2', 'Cool');
INSERT INTO Cards VALUES ('863', '29', 'Abyssal Necromancer', '10181', 'https://i.bandori.party/u/c/863Ako-Udagawa-Happy-Abyssal-Necromancer-4VvBrA.png', 'https://i.bandori.party/u/c/a/863Ako-Udagawa-Happy-Abyssal-Necromancer-KC5RL0.png', '4', 'Happy');
INSERT INTO Cards VALUES ('864', '30', 'Supreme Wizard', '10181', 'https://i.bandori.party/u/c/864Rinko-Shirokane-Happy-Supreme-Wizard-JSIiju.png', 'https://i.bandori.party/u/c/a/864Rinko-Shirokane-Happy-Supreme-Wizard-ECFNjK.png', '4', 'Happy');
INSERT INTO Cards VALUES ('865', '28', 'Beginner Healer', '9090', 'https://i.bandori.party/u/c/865Lisa-Imai-Cool-Beginner-Healer-vm9GcG.png', 'https://i.bandori.party/u/c/a/865Lisa-Imai-Cool-Beginner-Healer-P2HFIW.png', '3', 'Cool');
INSERT INTO Cards VALUES ('866', '26', 'Bard Noob', '5880', 'https://i.bandori.party/u/c/866Yukina-Minato-Happy-Bard-Noob-SkStXh.png', 'None', '2', 'Happy');
INSERT INTO Cards VALUES ('867', '27', 'Novice Tank', '9090', 'https://i.bandori.party/u/c/867Sayo-Hikawa-Happy-Novice-Tank-2on57m.png', 'https://i.bandori.party/u/c/a/867Sayo-Hikawa-Happy-Novice-Tank-aXCxCZ.png', '3', 'Happy');
INSERT INTO Cards VALUES ('873', '10', 'Heart-pounding Moment', '10180', 'https://i.bandori.party/u/c/873Arisa-Ichigaya-Power-Heart-pounding-Moment-VtnRHM.png', 'https://i.bandori.party/u/c/a/873Arisa-Ichigaya-Power-Heart-pounding-Moment-H1ZzKM.png', '4', 'Power');
INSERT INTO Cards VALUES ('874', '28', 'Leave the sweets to me!', '10282', 'https://i.bandori.party/u/c/874Lisa-Imai-Power-Leave-the-sweets-to-me-Oaxh0a.png', 'https://i.bandori.party/u/c/a/874Lisa-Imai-Power-Leave-the-sweets-to-me-70Uk4w.png', '4', 'Power');
INSERT INTO Cards VALUES ('875', '15', 'Delightful Tasting-Party', '8820', 'https://i.bandori.party/u/c/875Tsugumi-Hazawa-Happy-Delightful-Tasting-Party-CxWaWz.png', 'https://i.bandori.party/u/c/a/875Tsugumi-Hazawa-Happy-Delightful-Tasting-Party-RJwNFQ.png', '3', 'Happy');
INSERT INTO Cards VALUES ('876', '12', 'Endless Appetite', '6060', 'https://i.bandori.party/u/c/876Moca-Aoba-Cool-Endless-Appetite-r4zQdd.png', 'None', '2', 'Cool');
INSERT INTO Cards VALUES ('877', '26', 'Secret Time', '9180', 'https://i.bandori.party/u/c/877Yukina-Minato-Power-Secret-Time-WKaruR.png', 'https://i.bandori.party/u/c/a/877Yukina-Minato-Power-Secret-Time-8PoLeI.png', '3', 'Power');
INSERT INTO Cards VALUES ('878', '24', 'Challenge it Boldly!', '10181', 'https://i.bandori.party/u/c/878Maya-Yamato-Pure-Challenge-it-Boldly-AssAOK.png', 'https://i.bandori.party/u/c/a/878Maya-Yamato-Pure-Challenge-it-Boldly-mrEegg.png', '4', 'Pure');
INSERT INTO Cards VALUES ('879', '18', 'I’ll Teach You! ', '10181', 'https://i.bandori.party/u/c/879Hagumi-Kitazawa-Pure-I-ll-Teach-You-Gdku1O.png', 'https://i.bandori.party/u/c/a/879Hagumi-Kitazawa-Pure-I-ll-Teach-You-DZ8HB6.png', '4', 'Pure');
INSERT INTO Cards VALUES ('880', '22', 'Ski Slopes Are The Best!', '9090', 'https://i.bandori.party/u/c/880Hina-Hikawa-Power-Ski-Slopes-Are-The-Best-uYfUxL.png', 'https://i.bandori.party/u/c/a/880Hina-Hikawa-Power-Ski-Slopes-Are-The-Best-u3yUjE.png', '3', 'Power');
INSERT INTO Cards VALUES ('881', '29', 'Skiing Pro ', '5880', 'https://i.bandori.party/u/c/881Ako-Udagawa-Power-Skiing-Pro-F5ok5d.png', 'None', '2', 'Power');
INSERT INTO Cards VALUES ('882', '20', 'For Winter Use ', '9180', 'https://i.bandori.party/u/c/882Misaki-Okusawa-Pure-For-Winter-Use-flbXUE.png', 'https://i.bandori.party/u/c/a/882Misaki-Okusawa-Pure-For-Winter-Use-OxQ0Rm.png', '3', 'Pure');
INSERT INTO Cards VALUES ('883', '22', 'Tata - It''s Me', '10181', 'https://i.bandori.party/u/c/883Hina-Hikawa-Cool-Tata---It-s-Me-8DzbD9.png', 'https://i.bandori.party/u/c/a/883Hina-Hikawa-Cool-Tata---It-s-Me-vs3qyQ.png', '4', 'Cool');
INSERT INTO Cards VALUES ('884', '23', 'Slumber Party', '10281', 'https://i.bandori.party/u/c/884Chisato-Shirasagi-Cool-Slumber-Party-4wvHDq.png', 'https://i.bandori.party/u/c/a/884Chisato-Shirasagi-Cool-Slumber-Party-ttj7i5.png', '4', 'Cool');
INSERT INTO Cards VALUES ('885', '25', 'Fashionable Hair Arrangement', '8550', 'https://i.bandori.party/u/c/885Eve-Wakamiya-Happy-Fashionable-Hair-Arrangement-sgjgcc.png', 'https://i.bandori.party/u/c/a/885Eve-Wakamiya-Happy-Fashionable-Hair-Arrangement-QsBsNa.png', '3', 'Happy');
INSERT INTO Cards VALUES ('886', '24', 'Modest Idol', '5880', 'https://i.bandori.party/u/c/886Maya-Yamato-Power-Modest-Idol-PZrQAn.png', 'None', '2', 'Power');
INSERT INTO Cards VALUES ('887', '21', 'Maruyama, coming through!', '9090', 'https://i.bandori.party/u/c/887Aya-Maruyama-Cool-Maruyama-coming-through-cbcPNF.png', 'https://i.bandori.party/u/c/a/887Aya-Maruyama-Cool-Maruyama-coming-through-dJIMnT.png', '3', 'Cool');
INSERT INTO Cards VALUES ('888', '9', 'GOGO WEGO!', '6666', 'https://i.bandori.party/u/c/888Saaya-Yamabuki-Cool-GOGO-WEGO-ybEvFs.png', 'None', '2', 'Cool');
INSERT INTO Cards VALUES ('889', '12', 'GOGO WEGO!', '6270', 'https://i.bandori.party/u/c/889Moca-Aoba-Pure-GOGO-WEGO-eqRQIg.png', 'None', '2', 'Pure');
INSERT INTO Cards VALUES ('890', '22', 'GOGO WEGO!', '6468', 'https://i.bandori.party/u/c/890Hina-Hikawa-Happy-GOGO-WEGO-VFDKtL.png', 'None', '2', 'Happy');
INSERT INTO Cards VALUES ('891', '28', 'GOGO WEGO!', '6666', 'https://i.bandori.party/u/c/891Lisa-Imai-Power-GOGO-WEGO-YRjLZm.png', 'None', '2', 'Power');
INSERT INTO Cards VALUES ('892', '20', 'GOGO WEGO!', '6468', 'https://i.bandori.party/u/c/892Misaki-Okusawa-Power-GOGO-WEGO-Ei6yAS.png', 'None', '2', 'Power');
INSERT INTO Cards VALUES ('893', '17', 'The Star of the Show Appears! ', '10180', 'https://i.bandori.party/u/c/893Kaoru-Seta-Happy-The-Star-of-the-Show-Appears-KAxd2C.png', 'https://i.bandori.party/u/c/a/893Kaoru-Seta-Happy-The-Star-of-the-Show-Appears-BJY6rM.png', '4', 'Happy');
INSERT INTO Cards VALUES ('894', '20', 'Sweatdrops Are Fleeting, Too', '10282', 'https://i.bandori.party/u/c/894Misaki-Okusawa-Happy-Sweatdrops-Are-Fleeting-Too-I9OKrP.png', 'https://i.bandori.party/u/c/a/894Misaki-Okusawa-Happy-Sweatdrops-Are-Fleeting-Too-nWaB8W.png', '4', 'Happy');
INSERT INTO Cards VALUES ('895', '18', 'Healed by a Prince', '9090', 'https://i.bandori.party/u/c/895Hagumi-Kitazawa-Power-Healed-by-a-Prince-7d305X.png', 'https://i.bandori.party/u/c/a/895Hagumi-Kitazawa-Power-Healed-by-a-Prince-TPKjXs.png', '3', 'Power');
INSERT INTO Cards VALUES ('896', '14', 'Let''s go fleetingly!', '5880', 'https://i.bandori.party/u/c/896Tomoe-Udagawa-Cool-Let-s-go-fleetingly-a35D8j.png', 'None', '2', 'Cool');
INSERT INTO Cards VALUES ('897', '13', 'Dance Lesson', '9090', 'https://i.bandori.party/u/c/897Himari-Uehara-Happy-Dance-Lesson-Hl2KCs.png', 'https://i.bandori.party/u/c/a/897Himari-Uehara-Happy-Dance-Lesson-4cB9v1.png', '3', 'Happy');
INSERT INTO Cards VALUES ('898', '11', 'An Unchanging Friendship', '10282', 'https://i.bandori.party/u/c/898Ran-Mitake-Power-An-Unchanging-Friendship-9uG3rm.png', 'https://i.bandori.party/u/c/a/898Ran-Mitake-Power-An-Unchanging-Friendship-AAT3mm.png', '4', 'Power');
INSERT INTO Cards VALUES ('899', '26', ' Reaching Greater and Greater Heights', '10180', 'https://i.bandori.party/u/c/899Yukina-Minato-Power-Reaching-Greater-and-Greater-Heights-WizUEd.png', 'https://i.bandori.party/u/c/a/899Yukina-Minato-Power-Reaching-Greater-and-Greater-Heights-iiqEfI.png', '4', 'Power');
INSERT INTO Cards VALUES ('900', '16', 'Let''s Go, Guys!', '9090', 'https://i.bandori.party/u/c/900Kokoro-Tsurumaki-Cool-Let-s-Go-Guys-FV9Vq4.png', 'https://i.bandori.party/u/c/a/900Kokoro-Tsurumaki-Cool-Let-s-Go-Guys-CIUtB4.png', '3', 'Cool');
INSERT INTO Cards VALUES ('901', '21', 'Aiming to be a Dream Idol', '8550', 'https://i.bandori.party/u/c/901Aya-Maruyama-Power-Aiming-to-be-a-Dream-Idol-zdqHhd.png', 'https://i.bandori.party/u/c/a/901Aya-Maruyama-Power-Aiming-to-be-a-Dream-Idol-gqFF3D.png', '3', 'Power');
INSERT INTO Cards VALUES ('902', '6', 'A Show with Everyone', '9180', 'https://i.bandori.party/u/c/902Kasumi-Toyama-Power-A-Show-with-Everyone-5CRzZP.png', 'https://i.bandori.party/u/c/a/902Kasumi-Toyama-Power-A-Show-with-Everyone-ZL5R2e.png', '3', 'Power');
INSERT INTO Cards VALUES ('903', '12', 'Gotta Beat Expectations', '10201', 'https://i.bandori.party/u/c/903Moca-Aoba-Happy-Gotta-Beat-Expectations-FSgc7k.png', 'https://i.bandori.party/u/c/a/903Moca-Aoba-Happy-Gotta-Beat-Expectations-YXUJIB.png', '4', 'Happy');
INSERT INTO Cards VALUES ('904', '19', 'Shop ''til you Drop', '10201', 'https://i.bandori.party/u/c/904Kanon-Matsubara-Cool-Shop-til-you-Drop-oKs4Wd.png', 'https://i.bandori.party/u/c/a/904Kanon-Matsubara-Cool-Shop-til-you-Drop-uanxK2.png', '4', 'Cool');
INSERT INTO Cards VALUES ('905', '13', 'Here we come!', '10282', 'https://i.bandori.party/u/c/905Himari-Uehara-Happy-Here-we-come-CxmUhT.png', 'https://i.bandori.party/u/c/a/905Himari-Uehara-Happy-Here-we-come-Eg9aDA.png', '4', 'Happy');
INSERT INTO Cards VALUES ('906', '14', 'Eternal Sunset ', '10180', 'https://i.bandori.party/u/c/906Tomoe-Udagawa-Happy-Eternal-Sunset-v401wd.png', 'https://i.bandori.party/u/c/a/906Tomoe-Udagawa-Happy-Eternal-Sunset-1JSgDI.png', '4', 'Happy');
INSERT INTO Cards VALUES ('907', '12', 'Just A Little Detour', '8820', 'https://i.bandori.party/u/c/907Moca-Aoba-Power-Just-A-Little-Detour-SS46Fa.png', 'https://i.bandori.party/u/c/a/907Moca-Aoba-Power-Just-A-Little-Detour-UgGkE6.png', '3', 'Power');
INSERT INTO Cards VALUES ('908', '15', 'Forgetting Something Important', '5700', 'https://i.bandori.party/u/c/908Tsugumi-Hazawa-Power-Forgetting-Something-Important-hYzpS8.png', 'None', '2', 'Power');
INSERT INTO Cards VALUES ('909', '11', 'Octopus Towel', '9180', 'https://i.bandori.party/u/c/909Ran-Mitake-Happy-Octopus-Towel-WF2Ccd.png', 'https://i.bandori.party/u/c/a/909Ran-Mitake-Happy-Octopus-Towel-bDpfSu.png', '3', 'Happy');
INSERT INTO Cards VALUES ('910', '30', 'Temporary Member', '10181', 'https://i.bandori.party/u/c/910Rinko-Shirokane-Pure-Temporary-Member-rWxkQ4.png', 'https://i.bandori.party/u/c/a/910Rinko-Shirokane-Pure-Temporary-Member-LDg3P6.png', '4', 'Pure');
INSERT INTO Cards VALUES ('911', '27', 'Honorable Mind', '10281', 'https://i.bandori.party/u/c/911Sayo-Hikawa-Pure-Honorable-Mind-WqIcuG.png', 'https://i.bandori.party/u/c/a/911Sayo-Hikawa-Pure-Honorable-Mind-pXt0hx.png', '4', 'Pure');
INSERT INTO Cards VALUES ('912', '20', 'Reliable Player', '8820', 'https://i.bandori.party/u/c/912Misaki-Okusawa-Cool-Reliable-Player-VdqluE.png', 'https://i.bandori.party/u/c/a/912Misaki-Okusawa-Cool-Reliable-Player-8dnXCU.png', '3', 'Cool');
INSERT INTO Cards VALUES ('913', '19', 'Splendid Artistry', '5700', 'https://i.bandori.party/u/c/913Kanon-Matsubara-Power-Splendid-Artistry-Lc4vcs.png', 'None', '2', 'Power');
INSERT INTO Cards VALUES ('914', '25', ' indomitable Swordsman', '9180', 'https://i.bandori.party/u/c/914Eve-Wakamiya-Pure-indomitable-Swordsman-7HXYfb.png', 'https://i.bandori.party/u/c/a/914Eve-Wakamiya-Pure-indomitable-Swordsman-JBW240.png', '3', 'Pure');
INSERT INTO Cards VALUES ('915', '25', 'This is my Bushido!', '10282', 'https://i.bandori.party/u/c/915Eve-Wakamiya-Cool-This-is-my-Bushido-0PLzDc.png', 'https://i.bandori.party/u/c/a/915Eve-Wakamiya-Cool-This-is-my-Bushido-YnFhw8.png', '4', 'Cool');
INSERT INTO Cards VALUES ('916', '24', 'Found A Treasure! ', '10181', 'https://i.bandori.party/u/c/916Maya-Yamato-Cool-Found-A-Treasure-5mQnCs.png', 'https://i.bandori.party/u/c/a/916Maya-Yamato-Cool-Found-A-Treasure-iVL8KW.png', '4', 'Cool');
INSERT INTO Cards VALUES ('917', '21', 'Perfect for social media...?', '9090', 'https://i.bandori.party/u/c/917Aya-Maruyama-Pure-Perfect-for-social-media-HfCyqU.png', 'https://i.bandori.party/u/c/a/917Aya-Maruyama-Pure-Perfect-for-social-media-ltUUY8.png', '3', 'Pure');
INSERT INTO Cards VALUES ('918', '23', 'Idol Rules', '5880', 'https://i.bandori.party/u/c/918Chisato-Shirasagi-Cool-Idol-Rules-iPf3Sm.png', 'None', '2', 'Cool');
INSERT INTO Cards VALUES ('919', '22', 'Meeting the New Merchandise', '9090', 'https://i.bandori.party/u/c/919Hina-Hikawa-Cool-Meeting-the-New-Merchandise-GbBAtu.png', 'https://i.bandori.party/u/c/a/919Hina-Hikawa-Cool-Meeting-the-New-Merchandise-fNPHwj.png', '3', 'Cool');
INSERT INTO Cards VALUES ('920', '18', 'Marie Andromeda', '10281', 'https://i.bandori.party/u/c/920Hagumi-Kitazawa-Power-Marie-Andromeda-CaEQ1J.png', 'https://i.bandori.party/u/c/a/920Hagumi-Kitazawa-Power-Marie-Andromeda-EYDw7m.png', '4', 'Power');
INSERT INTO Cards VALUES ('921', '20', 'Message from Michelle', '10181', 'https://i.bandori.party/u/c/921Misaki-Okusawa-Power-Message-from-Michelle-vfVUiy.png', 'https://i.bandori.party/u/c/a/921Misaki-Okusawa-Power-Message-from-Michelle-AolLnP.png', '4', 'Power');
INSERT INTO Cards VALUES ('922', '19', 'Dragged into a Ball', '9090', 'https://i.bandori.party/u/c/922Kanon-Matsubara-Happy-Dragged-into-a-Ball-xjcIAs.png', 'https://i.bandori.party/u/c/a/922Kanon-Matsubara-Happy-Dragged-into-a-Ball-mSCC6a.png', '3', 'Happy');
INSERT INTO Cards VALUES ('923', '16', 'I love fluffy characters!', '5700', 'https://i.bandori.party/u/c/923Kokoro-Tsurumaki-Cool-I-love-fluffy-characters-UNoEwC.png', 'None', '2', 'Cool');
INSERT INTO Cards VALUES ('924', '17', 'Cheer Dance', '6120', 'https://i.bandori.party/u/c/924Kaoru-Seta-Power-Cheer-Dance-rGwLom.png', 'None', '2', 'Power');
INSERT INTO Cards VALUES ('925', '6', 'Look up at the starry sky', '10181', 'https://i.bandori.party/u/c/925Kasumi-Toyama-Happy-Look-up-at-the-starry-sky-VneU9N.png', 'https://i.bandori.party/u/c/a/925Kasumi-Toyama-Happy-Look-up-at-the-starry-sky-j9bN3a.png', '4', 'Happy');
INSERT INTO Cards VALUES ('926', '8', 'Motivation problem?', '10181', 'https://i.bandori.party/u/c/926Rimi-Ushigome-Happy-Motivation-problem-M2QPaz.png', 'https://i.bandori.party/u/c/a/926Rimi-Ushigome-Happy-Motivation-problem-sdbS5y.png', '4', 'Happy');
INSERT INTO Cards VALUES ('927', '7', 'Afternoon beef patty', '8820', 'https://i.bandori.party/u/c/927Tae-Hanazono-Power-Afternoon-beef-patty-m9s97M.png', 'https://i.bandori.party/u/c/a/927Tae-Hanazono-Power-Afternoon-beef-patty-jYyLd0.png', '3', 'Power');
INSERT INTO Cards VALUES ('928', '10', 'Thoughtful note', '9090', 'https://i.bandori.party/u/c/928Arisa-Ichigaya-Pure-Thoughtful-note-IZ84qx.png', 'https://i.bandori.party/u/c/a/928Arisa-Ichigaya-Pure-Thoughtful-note-wrWnE1.png', '3', 'Pure');
INSERT INTO Cards VALUES ('929', '9', 'Saaya''s confession', '9090', 'https://i.bandori.party/u/c/929Saaya-Yamabuki-Happy-Saaya-s-confession-m7HVud.png', 'https://i.bandori.party/u/c/a/929Saaya-Yamabuki-Happy-Saaya-s-confession-ZT5CLw.png', '3', 'Happy');
INSERT INTO Cards VALUES ('930', '7', 'Forced to Join ', '10201', 'https://i.bandori.party/u/c/930Tae-Hanazono-Pure-Forced-to-Join-3DRYcQ.png', 'https://i.bandori.party/u/c/a/930Tae-Hanazono-Pure-Forced-to-Join-5XouK6.png', '4', 'Pure');
INSERT INTO Cards VALUES ('931', '29', 'Number 1 fan', '10200', 'https://i.bandori.party/u/c/931Ako-Udagawa-Cool-Number-1-fan-OAb5XA.png', 'https://i.bandori.party/u/c/a/931Ako-Udagawa-Cool-Number-1-fan-35meGS.png', '4', 'Cool');
INSERT INTO Cards VALUES ('932', '12', 'The Mysterious Beauty', '10181', 'https://i.bandori.party/u/c/932Moca-Aoba-Pure-The-Mysterious-Beauty-979iz9.png', 'https://i.bandori.party/u/c/a/932Moca-Aoba-Pure-The-Mysterious-Beauty-UsfRsu.png', '4', 'Pure');
INSERT INTO Cards VALUES ('933', '15', 'Heart throbs a-gogo?!', '10282', 'https://i.bandori.party/u/c/933Tsugumi-Hazawa-Pure-Heart-throbs-a-gogo-yo06wp.png', 'https://i.bandori.party/u/c/a/933Tsugumi-Hazawa-Pure-Heart-throbs-a-gogo-etdUMG.png', '4', 'Pure');
INSERT INTO Cards VALUES ('934', '14', 'I’ll keep you safe!', '9090', 'https://i.bandori.party/u/c/934Tomoe-Udagawa-Happy-I-ll-keep-you-safe-5XINwk.png', 'https://i.bandori.party/u/c/a/934Tomoe-Udagawa-Happy-I-ll-keep-you-safe-sKWkIf.png', '3', 'Happy');
INSERT INTO Cards VALUES ('935', '13', 'A Delusion that just won’t Quit ', '5880', 'https://i.bandori.party/u/c/935Himari-Uehara-Cool-A-Delusion-that-just-won-t-Quit-51YDlS.png', 'None', '2', 'Cool');
INSERT INTO Cards VALUES ('936', '11', 'It might be fun?', '6060', 'https://i.bandori.party/u/c/936Ran-Mitake-Pure-It-might-be-fun-8qDYWK.png', 'None', '2', 'Pure');
INSERT INTO Cards VALUES ('937', '26', 'Tears falling down', '10181', 'https://i.bandori.party/u/c/937Yukina-Minato-Happy-Tears-falling-down-MnMkpB.png', 'https://i.bandori.party/u/c/a/937Yukina-Minato-Happy-Tears-falling-down-rhpdBl.png', '4', 'Happy');
INSERT INTO Cards VALUES ('938', '28', 'One more cookie', '10181', 'https://i.bandori.party/u/c/938Lisa-Imai-Happy-One-more-cookie-wjbwyk.png', 'https://i.bandori.party/u/c/a/938Lisa-Imai-Happy-One-more-cookie-ogAhTc.png', '4', 'Happy');
INSERT INTO Cards VALUES ('939', '27', 'This time I will', '9090', 'https://i.bandori.party/u/c/939Sayo-Hikawa-Pure-This-time-I-will-VanlR5.png', 'https://i.bandori.party/u/c/a/939Sayo-Hikawa-Pure-This-time-I-will-cTleUB.png', '3', 'Pure');
INSERT INTO Cards VALUES ('940', '30', 'Cry of Determination', '8820', 'https://i.bandori.party/u/c/940Rinko-Shirokane-Power-Cry-of-Determination-MYIvx3.png', 'https://i.bandori.party/u/c/a/940Rinko-Shirokane-Power-Cry-of-Determination-vBmZ0O.png', '3', 'Power');
INSERT INTO Cards VALUES ('941', '29', 'Tea Time With Everyone', '9180', 'https://i.bandori.party/u/c/941Ako-Udagawa-Happy-Tea-Time-With-Everyone-dhquaS.png', 'https://i.bandori.party/u/c/a/941Ako-Udagawa-Happy-Tea-Time-With-Everyone-CFgiwX.png', '3', 'Happy');
INSERT INTO Cards VALUES ('942', '16', 'Rainy But Bright', '10181', 'https://i.bandori.party/u/c/942Kokoro-Tsurumaki-Cool-Rainy-But-Bright-FWCKlw.png', 'https://i.bandori.party/u/c/a/942Kokoro-Tsurumaki-Cool-Rainy-But-Bright-6yNp2Z.png', '4', 'Cool');
INSERT INTO Cards VALUES ('943', '14', 'The Taiko''s Charm', '10281', 'https://i.bandori.party/u/c/943Tomoe-Udagawa-Cool-The-Taiko-s-Charm-RZdhPy.png', 'https://i.bandori.party/u/c/a/943Tomoe-Udagawa-Cool-The-Taiko-s-Charm-En3EW6.png', '4', 'Cool');
INSERT INTO Cards VALUES ('944', '6', '10 Minute Yell', '9090', 'https://i.bandori.party/u/c/944Kasumi-Toyama-Pure-10-Minute-Yell-B5kIhm.png', 'https://i.bandori.party/u/c/a/944Kasumi-Toyama-Pure-10-Minute-Yell-VVeHo2.png', '3', 'Pure');
INSERT INTO Cards VALUES ('945', '20', 'This Side and That Side', '5880', 'https://i.bandori.party/u/c/945Misaki-Okusawa-Happy-This-Side-and-That-Side-YSV1NW.png', 'None', '2', 'Happy');
INSERT INTO Cards VALUES ('946', '27', 'With the Rain', '9180', 'https://i.bandori.party/u/c/946Sayo-Hikawa-Cool-With-the-Rain-n66D7W.png', 'https://i.bandori.party/u/c/a/946Sayo-Hikawa-Cool-With-the-Rain-0SRKhk.png', '3', 'Cool');
INSERT INTO Cards VALUES ('947', '22', 'A Late Meeting With Shooting Stars', '10181', 'https://i.bandori.party/u/c/947Hina-Hikawa-Power-A-Late-Meeting-With-Shooting-Stars-dOKUG4.png', 'https://i.bandori.party/u/c/a/947Hina-Hikawa-Power-A-Late-Meeting-With-Shooting-Stars-jX18hk.png', '4', 'Power');
INSERT INTO Cards VALUES ('948', '17', 'Fleeting Performance', '10282', 'https://i.bandori.party/u/c/948Kaoru-Seta-Power-Fleeting-Performance-KnvVvJ.png', 'https://i.bandori.party/u/c/a/948Kaoru-Seta-Power-Fleeting-Performance-37Ku0D.png', '4', 'Power');
INSERT INTO Cards VALUES ('949', '28', 'No Ghosts!', '8550', 'https://i.bandori.party/u/c/949Lisa-Imai-Power-No-Ghosts-uUmQCQ.png', 'https://i.bandori.party/u/c/a/949Lisa-Imai-Power-No-Ghosts-51adi4.png', '3', 'Power');
INSERT INTO Cards VALUES ('950', '24', 'Racing Heartbeat', '6060', 'https://i.bandori.party/u/c/950Maya-Yamato-Cool-Racing-Heartbeat-73LoDg.png', 'None', '2', 'Cool');
INSERT INTO Cards VALUES ('951', '11', 'Ran''s Eye Contact', '6060', 'https://i.bandori.party/u/c/951Ran-Mitake-Power-Ran-s-Eye-Contact-UP38fe.png', 'None', '2', 'Power');
INSERT INTO Cards VALUES ('952', '21', 'Dream-Giving Idol', '10180', 'https://i.bandori.party/u/c/952Aya-Maruyama-Happy-kOoa70.png', 'https://i.bandori.party/u/c/a/952Aya-Maruyama-Happy-dEZ7Gf.png', '4', 'Happy');
INSERT INTO Cards VALUES ('953', '23', 'The Path to Dreams', '10181', 'https://i.bandori.party/u/c/953Chisato-Shirasagi-Happy-ARcsrB.png', 'https://i.bandori.party/u/c/a/953Chisato-Shirasagi-Happy-Ff8MyN.png', '4', 'Happy');
INSERT INTO Cards VALUES ('954', '22', 'Hina''s Request', '9090', 'https://i.bandori.party/u/c/954Hina-Hikawa-Happy-dfasdM.png', 'https://i.bandori.party/u/c/a/954Hina-Hikawa-Happy-GXAt2h.png', '3', 'Happy');
INSERT INTO Cards VALUES ('955', '25', 'I Want to Share!', '8820', 'https://i.bandori.party/u/c/955Eve-Wakamiya-Power-cJvom6.png', 'https://i.bandori.party/u/c/a/955Eve-Wakamiya-Power-W48unA.png', '3', 'Power');
INSERT INTO Cards VALUES ('956', '24', 'An Idol Is...', '9180', 'https://i.bandori.party/u/c/956Maya-Yamato-Happy-ZSAUyN.png', 'https://i.bandori.party/u/c/a/956Maya-Yamato-Happy-ShvkG0.png', '3', 'Happy');
INSERT INTO Cards VALUES ('957', '6', 'Familiar Route', '10281', 'https://i.bandori.party/u/c/957Kasumi-Toyama-Cool-jYTdMo.png', 'https://i.bandori.party/u/c/a/957Kasumi-Toyama-Cool-kPt5P8.png', '4', 'Cool');
INSERT INTO Cards VALUES ('958', '18', 'Our Beginning', '10181', 'https://i.bandori.party/u/c/958Hagumi-Kitazawa-Cool-UFoAXX.png', 'https://i.bandori.party/u/c/a/958Hagumi-Kitazawa-Cool-NjJHkY.png', '4', 'Cool');
INSERT INTO Cards VALUES ('959', '9', 'Puppet Show', '8820', 'https://i.bandori.party/u/c/959Saaya-Yamabuki-Pure-cFrXba.png', 'https://i.bandori.party/u/c/a/959Saaya-Yamabuki-Pure-lPzGz8.png', '3', 'Pure');
INSERT INTO Cards VALUES ('960', '16', 'Smiling Tryst', '6060', 'https://i.bandori.party/u/c/960Kokoro-Tsurumaki-Pure-mAHJgx.png', 'None', '2', 'Pure');
INSERT INTO Cards VALUES ('961', '10', 'Nostalgic Tanzaku', '9090', 'https://i.bandori.party/u/c/961Arisa-Ichigaya-Cool-tJblj6.png', 'https://i.bandori.party/u/c/a/961Arisa-Ichigaya-Cool-wO7GHd.png', '3', 'Cool');
INSERT INTO Cards VALUES ('962', '20', 'Why Is It Like This?', '10282', 'https://i.bandori.party/u/c/962Misaki-Okusawa-Pure-dXGarK.png', 'https://i.bandori.party/u/c/a/962Misaki-Okusawa-Pure-GUDZdi.png', '4', 'Pure');
INSERT INTO Cards VALUES ('963', '19', 'Be Brave', '10181', 'https://i.bandori.party/u/c/963Kanon-Matsubara-Pure-gTcMqh.png', 'https://i.bandori.party/u/c/a/963Kanon-Matsubara-Pure-FnAIMJ.png', '4', 'Pure');
INSERT INTO Cards VALUES ('964', '17', 'I''m Lucky', '9090', 'https://i.bandori.party/u/c/964Kaoru-Seta-Power-sE3sZw.png', 'https://i.bandori.party/u/c/a/964Kaoru-Seta-Power-YzIfvI.png', '3', 'Power');
INSERT INTO Cards VALUES ('965', '18', 'Great Adventure!', '5880', 'https://i.bandori.party/u/c/965Hagumi-Kitazawa-Happy-YYlqI8.png', 'None', '2', 'Happy');
INSERT INTO Cards VALUES ('966', '16', 'Thrilling Discovery', '9090', 'https://i.bandori.party/u/c/966Kokoro-Tsurumaki-Pure-pd2sVj.png', 'https://i.bandori.party/u/c/a/966Kokoro-Tsurumaki-Pure-ofWoxW.png', '3', 'Pure');
INSERT INTO Cards VALUES ('967', '11', 'Scarlet', '10180', 'https://i.bandori.party/u/c/967Ran-Mitake-Cool-vJURUh.png', 'https://i.bandori.party/u/c/a/967Ran-Mitake-Cool-WkDjYD.png', '4', 'Cool');
INSERT INTO Cards VALUES ('968', '13', 'Cutie', '10181', 'https://i.bandori.party/u/c/968Himari-Uehara-Cool-grF945.png', 'https://i.bandori.party/u/c/a/968Himari-Uehara-Cool-Ig2F7S.png', '4', 'Cool');
INSERT INTO Cards VALUES ('969', '15', 'Barista', '9090', 'https://i.bandori.party/u/c/969Tsugumi-Hazawa-Happy-URbj9k.png', 'https://i.bandori.party/u/c/a/969Tsugumi-Hazawa-Happy-KTneDk.png', '3', 'Happy');
INSERT INTO Cards VALUES ('970', '14', 'Festa', '8820', 'https://i.bandori.party/u/c/970Tomoe-Udagawa-Power-Fwfvuz.png', 'https://i.bandori.party/u/c/a/970Tomoe-Udagawa-Power-x2U7Pk.png', '3', 'Power');
INSERT INTO Cards VALUES ('971', '12', 'Hungry', '9090', 'https://i.bandori.party/u/c/971Moca-Aoba-Cool-wM4dyJ.png', 'https://i.bandori.party/u/c/a/971Moca-Aoba-Cool-2xTCVA.png', '3', 'Cool');
INSERT INTO Cards VALUES ('972', '10', 'My Bushido?!', '10181', 'https://i.bandori.party/u/c/972Arisa-Ichigaya-Happy-kptCxt.png', 'https://i.bandori.party/u/c/a/972Arisa-Ichigaya-Happy-8yu5Og.png', '4', 'Happy');
INSERT INTO Cards VALUES ('973', '25', 'Posing on the Beach', '10281', 'https://i.bandori.party/u/c/973Eve-Wakamiya-Happy-rTvzvC.png', 'https://i.bandori.party/u/c/a/973Eve-Wakamiya-Happy-miHRXa.png', '4', 'Happy');
INSERT INTO Cards VALUES ('974', '7', 'Prize from the Watermelon', '9090', 'https://i.bandori.party/u/c/974Tae-Hanazono-Pure-QbPOSM.png', 'https://i.bandori.party/u/c/a/974Tae-Hanazono-Pure-qFLle8.png', '3', 'Pure');
INSERT INTO Cards VALUES ('975', '16', 'Racing With Mr. Fishy!', '5880', 'https://i.bandori.party/u/c/975Kokoro-Tsurumaki-Power-3mIrKV.png', 'None', '2', 'Power');
INSERT INTO Cards VALUES ('976', '18', 'Midsummer Jump', '9090', 'https://i.bandori.party/u/c/976Hagumi-Kitazawa-Happy-Midsummer-Jump-ckgf5J.png', 'https://i.bandori.party/u/c/a/976Hagumi-Kitazawa-Happy-Midsummer-Jump-vKJfD9.png', '3', 'Happy');
INSERT INTO Cards VALUES ('977', '15', 'A Place that Calms the Heart', '10201', 'https://i.bandori.party/u/c/977Tsugumi-Hazawa-Power-SK4Ch6.png', 'https://i.bandori.party/u/c/a/977Tsugumi-Hazawa-Power-JRTnRW.png', '4', 'Power');
INSERT INTO Cards VALUES ('978', '24', 'Time for Practice!', '10201', 'https://i.bandori.party/u/c/978Maya-Yamato-Happy-Uf2dJb.png', 'https://i.bandori.party/u/c/a/978Maya-Yamato-Happy-4Yc3Xi.png', '4', 'Happy');
INSERT INTO Cards VALUES ('980', '14', 'An Older Sister''s Pride', '10181', 'https://i.bandori.party/u/c/980Tomoe-Udagawa-Pure-y4Fvjw.png', 'https://i.bandori.party/u/c/a/980Tomoe-Udagawa-Pure-js5erM.png', '4', 'Pure');
INSERT INTO Cards VALUES ('981', '29', 'I want to tag along!', '10281', 'https://i.bandori.party/u/c/981Ako-Udagawa-Pure-wSjV3H.png', 'https://i.bandori.party/u/c/a/981Ako-Udagawa-Pure-vcMaFS.png', '4', 'Pure');
INSERT INTO Cards VALUES ('982', '13', 'Getting along as a pair', '8820', 'https://i.bandori.party/u/c/982Himari-Uehara-Cool-dajBBg.png', 'https://i.bandori.party/u/c/a/982Himari-Uehara-Cool-815lgb.png', '3', 'Cool');
INSERT INTO Cards VALUES ('983', '27', 'Something you can tell me', '5700', 'https://i.bandori.party/u/c/983Sayo-Hikawa-Pure-9ItyzE.png', 'None', '2', 'Pure');
INSERT INTO Cards VALUES ('984', '11', 'Too hot...', '9090', 'https://i.bandori.party/u/c/984Ran-Mitake-Pure-GqgUyD.png', 'https://i.bandori.party/u/c/a/984Ran-Mitake-Pure-cKO7MO.png', '3', 'Pure');
INSERT INTO Cards VALUES ('985', '26', 'Awash in an Ocean of Light', '10282', 'https://i.bandori.party/u/c/985Yukina-Minato-Cool-vGhEVb.png', 'https://i.bandori.party/u/c/a/985Yukina-Minato-Cool-KJd16i.png', '4', 'Cool');
INSERT INTO Cards VALUES ('986', '27', 'Glittering Water Artes', '10182', 'https://i.bandori.party/u/c/986Sayo-Hikawa-Cool-hHjbJr.png', 'https://i.bandori.party/u/c/a/986Sayo-Hikawa-Cool-MtM5NX.png', '4', 'Cool');
INSERT INTO Cards VALUES ('987', '28', 'Summer Sunlight', '9090', 'https://i.bandori.party/u/c/987Lisa-Imai-Pure-6r5pNg.png', 'https://i.bandori.party/u/c/a/987Lisa-Imai-Pure-icjVtu.png', '3', 'Pure');
INSERT INTO Cards VALUES ('988', '30', 'Shoreside Mermaid', '5700', 'https://i.bandori.party/u/c/988Rinko-Shirokane-Happy-QOLbux.png', 'None', '2', 'Happy');
INSERT INTO Cards VALUES ('989', '29', 'Let’s Go Round and Round!', '9180', 'https://i.bandori.party/u/c/989Ako-Udagawa-Cool-joldKL.png', 'https://i.bandori.party/u/c/a/989Ako-Udagawa-Cool-ou6DIY.png', '3', 'Cool');
INSERT INTO Cards VALUES ('990', '7', 'Rabbit''s View', '10181', 'https://i.bandori.party/u/c/990Tae-Hanazono-Power-dVo7Ny.png', 'https://i.bandori.party/u/c/a/990Tae-Hanazono-Power-2jhfeW.png', '4', 'Power');
INSERT INTO Cards VALUES ('991', '9', 'Sparkling Smile', '10282', 'https://i.bandori.party/u/c/991Saaya-Yamabuki-Power-XkvfkF.png', 'https://i.bandori.party/u/c/a/991Saaya-Yamabuki-Power-Tq4oqJ.png', '4', 'Power');
INSERT INTO Cards VALUES ('992', '6', 'Let''s Sing', '9090', 'https://i.bandori.party/u/c/992Kasumi-Toyama-Happy-VkOzQU.png', 'https://i.bandori.party/u/c/a/992Kasumi-Toyama-Happy-xczWtc.png', '3', 'Happy');
INSERT INTO Cards VALUES ('993', '10', 'Arisa''s Session', '5880', 'https://i.bandori.party/u/c/993Arisa-Ichigaya-Happy-pZfHYQ.png', 'None', '2', 'Happy');
INSERT INTO Cards VALUES ('994', '8', 'A Break With Chocolate', '9180', 'https://i.bandori.party/u/c/994Rimi-Ushigome-Power-0doKg6.png', 'https://i.bandori.party/u/c/a/994Rimi-Ushigome-Power-HFqhky.png', '3', 'Power');
INSERT INTO Cards VALUES ('995', '11', 'The Changing Sky', '10180', 'https://i.bandori.party/u/c/995Ran-Mitake-Happy-zKj0zw.png', 'https://i.bandori.party/u/c/a/995Ran-Mitake-Happy-I90Uz0.png', '4', 'Happy');
INSERT INTO Cards VALUES ('996', '12', 'The One Next to Me', '10181', 'https://i.bandori.party/u/c/996Moca-Aoba-Happy-onbolS.png', 'https://i.bandori.party/u/c/a/996Moca-Aoba-Happy-yuXDmv.png', '4', 'Happy');
INSERT INTO Cards VALUES ('997', '13', 'Stopped Time', '8820', 'https://i.bandori.party/u/c/997Himari-Uehara-Power-NsODr7.png', 'https://i.bandori.party/u/c/a/997Himari-Uehara-Power-umLdcu.png', '3', 'Power');
INSERT INTO Cards VALUES ('998', '15', '"Change" Sighted', '9090', 'https://i.bandori.party/u/c/998Tsugumi-Hazawa-Cool-81b6i3.png', 'https://i.bandori.party/u/c/a/998Tsugumi-Hazawa-Cool-ctaBuE.png', '3', 'Cool');
INSERT INTO Cards VALUES ('999', '14', 'Our Sunset', '9090', 'https://i.bandori.party/u/c/999Tomoe-Udagawa-Happy-1XbRwr.png', 'https://i.bandori.party/u/c/a/999Tomoe-Udagawa-Happy-eBZlpJ.png', '3', 'Happy');
INSERT INTO Cards VALUES ('1000', '23', 'A Moment In The Sun', '10181', 'https://i.bandori.party/u/c/1000Chisato-Shirasagi-Power-8Rb752.png', 'https://i.bandori.party/u/c/a/1000Chisato-Shirasagi-Power-zUSWQL.png', '4', 'Power');
INSERT INTO Cards VALUES ('1001', '19', 'A Picnic Under The Autumn Sky', '10282', 'https://i.bandori.party/u/c/1001Kanon-Matsubara-Power-0Tp928.png', 'https://i.bandori.party/u/c/a/1001Kanon-Matsubara-Power-xo9FNg.png', '4', 'Power');
INSERT INTO Cards VALUES ('1002', '20', 'Among the tree-filtered sunlight', '8820', 'https://i.bandori.party/u/c/1002Misaki-Okusawa-Pure-7NJfPq.png', 'https://i.bandori.party/u/c/a/1002Misaki-Okusawa-Pure-EekVLV.png', '3', 'Pure');
INSERT INTO Cards VALUES ('1003', '17', 'Scent of a Cafe Latte', '5700', 'https://i.bandori.party/u/c/1003Kaoru-Seta-Cool-XPCrbU.png', 'None', '2', 'Cool');
INSERT INTO Cards VALUES ('1004', '21', 'My First Latte Art', '6120', 'https://i.bandori.party/u/c/1004Aya-Maruyama-Power-iNUYvo.png', 'None', '2', 'Power');
INSERT INTO Cards VALUES ('1005', '21', 'Aya-o-Lantern', '10181', 'https://i.bandori.party/u/c/1005Aya-Maruyama-Cool-0Yucl4.png', 'https://i.bandori.party/u/c/a/1005Aya-Maruyama-Cool-X1vvZy.png', '4', 'Cool');
INSERT INTO Cards VALUES ('1006', '22', 'Mischievous Devil', '10282', 'https://i.bandori.party/u/c/1006Hina-Hikawa-Cool-7Xb56p.png', 'https://i.bandori.party/u/c/a/1006Hina-Hikawa-Cool-0RsZGZ.png', '4', 'Cool');
INSERT INTO Cards VALUES ('1007', '23', 'Idol Witch', '8550', 'https://i.bandori.party/u/c/1007Chisato-Shirasagi-Power-At1bzE.png', 'https://i.bandori.party/u/c/a/1007Chisato-Shirasagi-Power-fGzZPI.png', '3', 'Power');
INSERT INTO Cards VALUES ('1008', '25', 'Sweet Vampire', '6060', 'https://i.bandori.party/u/c/1008Eve-Wakamiya-Cool-5eRMwB.png', 'None', '2', 'Cool');
INSERT INTO Cards VALUES ('1009', '24', 'Sweet Cat', '9180', 'https://i.bandori.party/u/c/1009Maya-Yamato-Cool-p8uHOO.png', 'https://i.bandori.party/u/c/a/1009Maya-Yamato-Cool-wMDE6G.png', '3', 'Cool');
INSERT INTO Cards VALUES ('1010', '12', 'Cheering Song', '5880', 'https://i.bandori.party/u/c/1010Moca-Aoba-Power-Kzu2p7.png', 'None', '2', 'Power');
INSERT INTO Cards VALUES ('1011', '15', 'Cheering Song', '5700', 'https://i.bandori.party/u/c/1011Tsugumi-Hazawa-Pure-zsyZzP.png', 'None', '2', 'Pure');
INSERT INTO Cards VALUES ('1012', '19', 'Cheering Song', '6060', 'https://i.bandori.party/u/c/1012Kanon-Matsubara-Happy-SCeArl.png', 'None', '2', 'Happy');
INSERT INTO Cards VALUES ('1013', '21', 'Cheering Song', '5880', 'https://i.bandori.party/u/c/1013Aya-Maruyama-Cool-K2WZju.png', 'None', '2', 'Cool');
INSERT INTO Cards VALUES ('1014', '28', 'Cheering Song', '5700', 'https://i.bandori.party/u/c/1014Lisa-Imai-Pure-HXMB7u.png', 'None', '2', 'Pure');
INSERT INTO Cards VALUES ('1015', '8', 'Important Foundation', '10201', 'https://i.bandori.party/u/c/1015Rimi-Ushigome-Cool-TzgrDo.png', 'https://i.bandori.party/u/c/a/1015Rimi-Ushigome-Cool-KdT27P.png', '4', 'Cool');
INSERT INTO Cards VALUES ('1016', '17', 'I Want It', '10201', 'https://i.bandori.party/u/c/1016Kaoru-Seta-Pure-yOE1ya.png', 'https://i.bandori.party/u/c/a/1016Kaoru-Seta-Pure-ymZrjl.png', '4', 'Pure');
INSERT INTO Cards VALUES ('100001', '6', 'Happy New Year 2018!', '0', 'https://i.bandori.party/u/c/100001Kasumi-Toyama-Power-Happy-New-Year-2018-zeuJjJ.png', 'None', '2', 'Power');

INSERT INTO Characters_Band VALUES ('6', '1');
INSERT INTO Characters_Band VALUES ('7', '1');
INSERT INTO Characters_Band VALUES ('8', '1');
INSERT INTO Characters_Band VALUES ('9', '1');
INSERT INTO Characters_Band VALUES ('10', '1');
INSERT INTO Characters_Band VALUES ('11', '2');
INSERT INTO Characters_Band VALUES ('12', '2');
INSERT INTO Characters_Band VALUES ('13', '2');
INSERT INTO Characters_Band VALUES ('14', '2');
INSERT INTO Characters_Band VALUES ('15', '2');
INSERT INTO Characters_Band VALUES ('16', '5');
INSERT INTO Characters_Band VALUES ('17', '5');
INSERT INTO Characters_Band VALUES ('18', '5');
INSERT INTO Characters_Band VALUES ('19', '5');
INSERT INTO Characters_Band VALUES ('20', '5');
INSERT INTO Characters_Band VALUES ('21', '4');
INSERT INTO Characters_Band VALUES ('22', '4');
INSERT INTO Characters_Band VALUES ('23', '4');
INSERT INTO Characters_Band VALUES ('24', '4');
INSERT INTO Characters_Band VALUES ('25', '4');
INSERT INTO Characters_Band VALUES ('26', '3');
INSERT INTO Characters_Band VALUES ('27', '3');
INSERT INTO Characters_Band VALUES ('28', '3');
INSERT INTO Characters_Band VALUES ('29', '3');
INSERT INTO Characters_Band VALUES ('30', '3');

INSERT INTO Featured_Card VALUES ('1', '602');
INSERT INTO Featured_Card VALUES ('1', '603');
INSERT INTO Featured_Card VALUES ('1', '604');
INSERT INTO Featured_Card VALUES ('2', '606');
INSERT INTO Featured_Card VALUES ('2', '607');
INSERT INTO Featured_Card VALUES ('2', '610');
INSERT INTO Featured_Card VALUES ('3', '611');
INSERT INTO Featured_Card VALUES ('3', '612');
INSERT INTO Featured_Card VALUES ('3', '615');
INSERT INTO Featured_Card VALUES ('4', '617');
INSERT INTO Featured_Card VALUES ('4', '618');
INSERT INTO Featured_Card VALUES ('4', '620');
INSERT INTO Featured_Card VALUES ('5', '621');
INSERT INTO Featured_Card VALUES ('5', '622');
INSERT INTO Featured_Card VALUES ('6', '626');
INSERT INTO Featured_Card VALUES ('6', '628');
INSERT INTO Featured_Card VALUES ('6', '630');
INSERT INTO Featured_Card VALUES ('7', '631');
INSERT INTO Featured_Card VALUES ('7', '632');
INSERT INTO Featured_Card VALUES ('7', '635');
INSERT INTO Featured_Card VALUES ('8', '636');
INSERT INTO Featured_Card VALUES ('8', '637');
INSERT INTO Featured_Card VALUES ('8', '640');
INSERT INTO Featured_Card VALUES ('9', '641');
INSERT INTO Featured_Card VALUES ('9', '642');
INSERT INTO Featured_Card VALUES ('9', '645');
INSERT INTO Featured_Card VALUES ('10', '646');
INSERT INTO Featured_Card VALUES ('10', '647');
INSERT INTO Featured_Card VALUES ('10', '650');
INSERT INTO Featured_Card VALUES ('11', '651');
INSERT INTO Featured_Card VALUES ('11', '652');
INSERT INTO Featured_Card VALUES ('11', '655');
INSERT INTO Featured_Card VALUES ('12', '656');
INSERT INTO Featured_Card VALUES ('12', '657');
INSERT INTO Featured_Card VALUES ('12', '660');
INSERT INTO Featured_Card VALUES ('13', '661');
INSERT INTO Featured_Card VALUES ('13', '662');
INSERT INTO Featured_Card VALUES ('13', '665');
INSERT INTO Featured_Card VALUES ('14', '666');
INSERT INTO Featured_Card VALUES ('14', '667');
INSERT INTO Featured_Card VALUES ('14', '670');
INSERT INTO Featured_Card VALUES ('15', '671');
INSERT INTO Featured_Card VALUES ('15', '672');
INSERT INTO Featured_Card VALUES ('15', '675');
INSERT INTO Featured_Card VALUES ('16', '681');
INSERT INTO Featured_Card VALUES ('16', '682');
INSERT INTO Featured_Card VALUES ('16', '685');
INSERT INTO Featured_Card VALUES ('17', '691');
INSERT INTO Featured_Card VALUES ('17', '692');
INSERT INTO Featured_Card VALUES ('17', '695');
INSERT INTO Featured_Card VALUES ('18', '726');
INSERT INTO Featured_Card VALUES ('18', '727');
INSERT INTO Featured_Card VALUES ('18', '730');
INSERT INTO Featured_Card VALUES ('19', '736');
INSERT INTO Featured_Card VALUES ('19', '737');
INSERT INTO Featured_Card VALUES ('19', '740');
INSERT INTO Featured_Card VALUES ('20', '741');
INSERT INTO Featured_Card VALUES ('20', '742');
INSERT INTO Featured_Card VALUES ('20', '745');
INSERT INTO Featured_Card VALUES ('21', '756');
INSERT INTO Featured_Card VALUES ('21', '757');
INSERT INTO Featured_Card VALUES ('21', '760');
INSERT INTO Featured_Card VALUES ('22', '761');
INSERT INTO Featured_Card VALUES ('22', '762');
INSERT INTO Featured_Card VALUES ('22', '765');
INSERT INTO Featured_Card VALUES ('23', '766');
INSERT INTO Featured_Card VALUES ('23', '767');
INSERT INTO Featured_Card VALUES ('23', '770');
INSERT INTO Featured_Card VALUES ('24', '776');
INSERT INTO Featured_Card VALUES ('24', '777');
INSERT INTO Featured_Card VALUES ('24', '780');
INSERT INTO Featured_Card VALUES ('25', '781');
INSERT INTO Featured_Card VALUES ('25', '782');
INSERT INTO Featured_Card VALUES ('25', '785');
INSERT INTO Featured_Card VALUES ('26', '786');
INSERT INTO Featured_Card VALUES ('26', '787');
INSERT INTO Featured_Card VALUES ('26', '790');
INSERT INTO Featured_Card VALUES ('27', '791');
INSERT INTO Featured_Card VALUES ('27', '792');
INSERT INTO Featured_Card VALUES ('27', '795');
INSERT INTO Featured_Card VALUES ('28', '796');
INSERT INTO Featured_Card VALUES ('28', '797');
INSERT INTO Featured_Card VALUES ('28', '800');
INSERT INTO Featured_Card VALUES ('29', '801');
INSERT INTO Featured_Card VALUES ('29', '802');
INSERT INTO Featured_Card VALUES ('29', '805');
INSERT INTO Featured_Card VALUES ('29', '806');
INSERT INTO Featured_Card VALUES ('29', '807');
INSERT INTO Featured_Card VALUES ('30', '801');
INSERT INTO Featured_Card VALUES ('30', '802');
INSERT INTO Featured_Card VALUES ('30', '805');
INSERT INTO Featured_Card VALUES ('31', '833');
INSERT INTO Featured_Card VALUES ('31', '834');
INSERT INTO Featured_Card VALUES ('31', '837');
INSERT INTO Featured_Card VALUES ('32', '863');
INSERT INTO Featured_Card VALUES ('32', '864');
INSERT INTO Featured_Card VALUES ('32', '867');
INSERT INTO Featured_Card VALUES ('33', '873');
INSERT INTO Featured_Card VALUES ('33', '874');
INSERT INTO Featured_Card VALUES ('33', '877');
INSERT INTO Featured_Card VALUES ('34', '878');
INSERT INTO Featured_Card VALUES ('34', '879');
INSERT INTO Featured_Card VALUES ('34', '882');
INSERT INTO Featured_Card VALUES ('35', '883');
INSERT INTO Featured_Card VALUES ('35', '884');
INSERT INTO Featured_Card VALUES ('35', '887');
INSERT INTO Featured_Card VALUES ('36', '893');
INSERT INTO Featured_Card VALUES ('36', '894');
INSERT INTO Featured_Card VALUES ('36', '897');
INSERT INTO Featured_Card VALUES ('37', '806');
INSERT INTO Featured_Card VALUES ('37', '807');
INSERT INTO Featured_Card VALUES ('37', '898');
INSERT INTO Featured_Card VALUES ('37', '899');
INSERT INTO Featured_Card VALUES ('37', '902');
INSERT INTO Featured_Card VALUES ('37', '903');
INSERT INTO Featured_Card VALUES ('37', '904');
INSERT INTO Featured_Card VALUES ('38', '898');
INSERT INTO Featured_Card VALUES ('38', '899');
INSERT INTO Featured_Card VALUES ('38', '902');
INSERT INTO Featured_Card VALUES ('39', '905');
INSERT INTO Featured_Card VALUES ('39', '906');
INSERT INTO Featured_Card VALUES ('39', '909');
INSERT INTO Featured_Card VALUES ('40', '910');
INSERT INTO Featured_Card VALUES ('40', '911');
INSERT INTO Featured_Card VALUES ('40', '914');
INSERT INTO Featured_Card VALUES ('41', '915');
INSERT INTO Featured_Card VALUES ('41', '916');
INSERT INTO Featured_Card VALUES ('41', '919');
INSERT INTO Featured_Card VALUES ('42', '920');
INSERT INTO Featured_Card VALUES ('42', '921');
INSERT INTO Featured_Card VALUES ('42', '924');
INSERT INTO Featured_Card VALUES ('43', '925');
INSERT INTO Featured_Card VALUES ('43', '926');
INSERT INTO Featured_Card VALUES ('43', '929');
INSERT INTO Featured_Card VALUES ('44', '930');
INSERT INTO Featured_Card VALUES ('44', '931');
INSERT INTO Featured_Card VALUES ('45', '932');
INSERT INTO Featured_Card VALUES ('45', '933');
INSERT INTO Featured_Card VALUES ('45', '936');
INSERT INTO Featured_Card VALUES ('46', '937');
INSERT INTO Featured_Card VALUES ('46', '938');
INSERT INTO Featured_Card VALUES ('46', '941');
INSERT INTO Featured_Card VALUES ('47', '942');
INSERT INTO Featured_Card VALUES ('47', '943');
INSERT INTO Featured_Card VALUES ('47', '946');
INSERT INTO Featured_Card VALUES ('48', '947');
INSERT INTO Featured_Card VALUES ('48', '948');
INSERT INTO Featured_Card VALUES ('48', '951');
INSERT INTO Featured_Card VALUES ('49', '952');
INSERT INTO Featured_Card VALUES ('49', '953');
INSERT INTO Featured_Card VALUES ('49', '956');
INSERT INTO Featured_Card VALUES ('50', '957');
INSERT INTO Featured_Card VALUES ('50', '958');
INSERT INTO Featured_Card VALUES ('50', '961');
INSERT INTO Featured_Card VALUES ('51', '962');
INSERT INTO Featured_Card VALUES ('51', '963');
INSERT INTO Featured_Card VALUES ('51', '966');
INSERT INTO Featured_Card VALUES ('52', '967');
INSERT INTO Featured_Card VALUES ('52', '968');
INSERT INTO Featured_Card VALUES ('52', '971');
INSERT INTO Featured_Card VALUES ('53', '977');
INSERT INTO Featured_Card VALUES ('53', '978');
INSERT INTO Featured_Card VALUES ('54', '972');
INSERT INTO Featured_Card VALUES ('54', '973');
INSERT INTO Featured_Card VALUES ('54', '976');
INSERT INTO Featured_Card VALUES ('55', '980');
INSERT INTO Featured_Card VALUES ('55', '981');
INSERT INTO Featured_Card VALUES ('55', '984');
-- INSERT INTO Featured_Card VALUES ('56', '985');
-- INSERT INTO Featured_Card VALUES ('56', '986');
-- INSERT INTO Featured_Card VALUES ('56', '989');

INSERT INTO Event_Gacha VALUES ('1', '4');
INSERT INTO Event_Gacha VALUES ('2', '1');
INSERT INTO Event_Gacha VALUES ('3', '2');
INSERT INTO Event_Gacha VALUES ('4', '3');
INSERT INTO Event_Gacha VALUES ('5', '5');
INSERT INTO Event_Gacha VALUES ('6', '6');
INSERT INTO Event_Gacha VALUES ('7', '7');
INSERT INTO Event_Gacha VALUES ('8', '8');
INSERT INTO Event_Gacha VALUES ('9', '9');
INSERT INTO Event_Gacha VALUES ('10', '10');
INSERT INTO Event_Gacha VALUES ('11', '11');
INSERT INTO Event_Gacha VALUES ('12', '12');
INSERT INTO Event_Gacha VALUES ('13', '13');
INSERT INTO Event_Gacha VALUES ('14', '14');
INSERT INTO Event_Gacha VALUES ('15', '15');
INSERT INTO Event_Gacha VALUES ('16', '16');
INSERT INTO Event_Gacha VALUES ('17', '17');
INSERT INTO Event_Gacha VALUES ('18', '18');
INSERT INTO Event_Gacha VALUES ('19', '19');
INSERT INTO Event_Gacha VALUES ('20', '20');
INSERT INTO Event_Gacha VALUES ('21', '21');
INSERT INTO Event_Gacha VALUES ('22', '22');
INSERT INTO Event_Gacha VALUES ('23', '23');
INSERT INTO Event_Gacha VALUES ('24', '24');
INSERT INTO Event_Gacha VALUES ('25', '25');
INSERT INTO Event_Gacha VALUES ('26', '26');
INSERT INTO Event_Gacha VALUES ('27', '27');
INSERT INTO Event_Gacha VALUES ('28', '28');
INSERT INTO Event_Gacha VALUES ('29', '29');
INSERT INTO Event_Gacha VALUES ('30', '31');
INSERT INTO Event_Gacha VALUES ('31', '32');
INSERT INTO Event_Gacha VALUES ('32', '33');
INSERT INTO Event_Gacha VALUES ('33', '34');
INSERT INTO Event_Gacha VALUES ('34', '35');
INSERT INTO Event_Gacha VALUES ('35', '36');
INSERT INTO Event_Gacha VALUES ('36', '38');
INSERT INTO Event_Gacha VALUES ('37', '39');
INSERT INTO Event_Gacha VALUES ('38', '40');
INSERT INTO Event_Gacha VALUES ('39', '41');
INSERT INTO Event_Gacha VALUES ('40', '42');
INSERT INTO Event_Gacha VALUES ('41', '43');
INSERT INTO Event_Gacha VALUES ('42', '45');
INSERT INTO Event_Gacha VALUES ('43', '46');
INSERT INTO Event_Gacha VALUES ('44', '47');
INSERT INTO Event_Gacha VALUES ('45', '48');
INSERT INTO Event_Gacha VALUES ('49', '49');
INSERT INTO Event_Gacha VALUES ('50', '50');
INSERT INTO Event_Gacha VALUES ('51', '51');
INSERT INTO Event_Gacha VALUES ('52', '52');
INSERT INTO Event_Gacha VALUES ('53', '54');
INSERT INTO Event_Gacha VALUES ('54', '55');
INSERT INTO Event_Gacha VALUES ('55', '56');
INSERT INTO Event_Gacha VALUES ('56', '57');

INSERT INTO Event_Card_Reward VALUES ('1', '616');
INSERT INTO Event_Card_Reward VALUES ('1', '619');
INSERT INTO Event_Card_Reward VALUES ('2', '601');
INSERT INTO Event_Card_Reward VALUES ('2', '605');
INSERT INTO Event_Card_Reward VALUES ('3', '608');
INSERT INTO Event_Card_Reward VALUES ('3', '609');
INSERT INTO Event_Card_Reward VALUES ('4', '613');
INSERT INTO Event_Card_Reward VALUES ('4', '614');
INSERT INTO Event_Card_Reward VALUES ('5', '623');
INSERT INTO Event_Card_Reward VALUES ('5', '625');
INSERT INTO Event_Card_Reward VALUES ('6', '627');
INSERT INTO Event_Card_Reward VALUES ('6', '629');
INSERT INTO Event_Card_Reward VALUES ('7', '633');
INSERT INTO Event_Card_Reward VALUES ('7', '634');
INSERT INTO Event_Card_Reward VALUES ('8', '638');
INSERT INTO Event_Card_Reward VALUES ('8', '639');
INSERT INTO Event_Card_Reward VALUES ('9', '643');
INSERT INTO Event_Card_Reward VALUES ('9', '644');
INSERT INTO Event_Card_Reward VALUES ('10', '648');
INSERT INTO Event_Card_Reward VALUES ('10', '649');
INSERT INTO Event_Card_Reward VALUES ('11', '653');
INSERT INTO Event_Card_Reward VALUES ('11', '654');
INSERT INTO Event_Card_Reward VALUES ('12', '658');
INSERT INTO Event_Card_Reward VALUES ('12', '659');
INSERT INTO Event_Card_Reward VALUES ('13', '663');
INSERT INTO Event_Card_Reward VALUES ('13', '664');
INSERT INTO Event_Card_Reward VALUES ('14', '668');
INSERT INTO Event_Card_Reward VALUES ('14', '669');
INSERT INTO Event_Card_Reward VALUES ('15', '673');
INSERT INTO Event_Card_Reward VALUES ('15', '674');
INSERT INTO Event_Card_Reward VALUES ('16', '683');
INSERT INTO Event_Card_Reward VALUES ('16', '684');
INSERT INTO Event_Card_Reward VALUES ('17', '693');
INSERT INTO Event_Card_Reward VALUES ('17', '694');
INSERT INTO Event_Card_Reward VALUES ('18', '728');
INSERT INTO Event_Card_Reward VALUES ('18', '729');
INSERT INTO Event_Card_Reward VALUES ('19', '738');
INSERT INTO Event_Card_Reward VALUES ('19', '739');
INSERT INTO Event_Card_Reward VALUES ('20', '743');
INSERT INTO Event_Card_Reward VALUES ('20', '744');
INSERT INTO Event_Card_Reward VALUES ('21', '758');
INSERT INTO Event_Card_Reward VALUES ('21', '759');
INSERT INTO Event_Card_Reward VALUES ('22', '763');
INSERT INTO Event_Card_Reward VALUES ('22', '764');
INSERT INTO Event_Card_Reward VALUES ('23', '768');
INSERT INTO Event_Card_Reward VALUES ('23', '769');
INSERT INTO Event_Card_Reward VALUES ('24', '778');
INSERT INTO Event_Card_Reward VALUES ('24', '779');
INSERT INTO Event_Card_Reward VALUES ('25', '783');
INSERT INTO Event_Card_Reward VALUES ('25', '784');
INSERT INTO Event_Card_Reward VALUES ('26', '788');
INSERT INTO Event_Card_Reward VALUES ('26', '789');
INSERT INTO Event_Card_Reward VALUES ('27', '793');
INSERT INTO Event_Card_Reward VALUES ('27', '794');
INSERT INTO Event_Card_Reward VALUES ('28', '798');
INSERT INTO Event_Card_Reward VALUES ('28', '799');
INSERT INTO Event_Card_Reward VALUES ('29', '803');
INSERT INTO Event_Card_Reward VALUES ('29', '804');
INSERT INTO Event_Card_Reward VALUES ('30', '835');
INSERT INTO Event_Card_Reward VALUES ('30', '836');
INSERT INTO Event_Card_Reward VALUES ('31', '865');
INSERT INTO Event_Card_Reward VALUES ('31', '866');
INSERT INTO Event_Card_Reward VALUES ('32', '875');
INSERT INTO Event_Card_Reward VALUES ('32', '876');
INSERT INTO Event_Card_Reward VALUES ('33', '880');
INSERT INTO Event_Card_Reward VALUES ('33', '881');
INSERT INTO Event_Card_Reward VALUES ('34', '885');
INSERT INTO Event_Card_Reward VALUES ('34', '886');
INSERT INTO Event_Card_Reward VALUES ('35', '895');
INSERT INTO Event_Card_Reward VALUES ('35', '896');
INSERT INTO Event_Card_Reward VALUES ('36', '900');
INSERT INTO Event_Card_Reward VALUES ('36', '901');
INSERT INTO Event_Card_Reward VALUES ('37', '907');
INSERT INTO Event_Card_Reward VALUES ('37', '908');
INSERT INTO Event_Card_Reward VALUES ('38', '912');
INSERT INTO Event_Card_Reward VALUES ('38', '913');
INSERT INTO Event_Card_Reward VALUES ('39', '917');
INSERT INTO Event_Card_Reward VALUES ('39', '918');
INSERT INTO Event_Card_Reward VALUES ('40', '922');
INSERT INTO Event_Card_Reward VALUES ('40', '923');
INSERT INTO Event_Card_Reward VALUES ('41', '927');
INSERT INTO Event_Card_Reward VALUES ('41', '928');
INSERT INTO Event_Card_Reward VALUES ('42', '934');
INSERT INTO Event_Card_Reward VALUES ('42', '935');
INSERT INTO Event_Card_Reward VALUES ('43', '939');
INSERT INTO Event_Card_Reward VALUES ('43', '940');
INSERT INTO Event_Card_Reward VALUES ('44', '944');
INSERT INTO Event_Card_Reward VALUES ('44', '945');
INSERT INTO Event_Card_Reward VALUES ('45', '949');
INSERT INTO Event_Card_Reward VALUES ('45', '950');
INSERT INTO Event_Card_Reward VALUES ('49', '954');
INSERT INTO Event_Card_Reward VALUES ('49', '955');
INSERT INTO Event_Card_Reward VALUES ('50', '959');
INSERT INTO Event_Card_Reward VALUES ('50', '960');
INSERT INTO Event_Card_Reward VALUES ('51', '964');
INSERT INTO Event_Card_Reward VALUES ('51', '965');
INSERT INTO Event_Card_Reward VALUES ('52', '970');
INSERT INTO Event_Card_Reward VALUES ('52', '969');
INSERT INTO Event_Card_Reward VALUES ('53', '974');
INSERT INTO Event_Card_Reward VALUES ('53', '975');
INSERT INTO Event_Card_Reward VALUES ('54', '982');
INSERT INTO Event_Card_Reward VALUES ('54', '983');
INSERT INTO Event_Card_Reward VALUES ('55', '987');
INSERT INTO Event_Card_Reward VALUES ('55', '988');
INSERT INTO Event_Card_Reward VALUES ('56', '992');
INSERT INTO Event_Card_Reward VALUES ('56', '993');

INSERT INTO Event_Song VALUES ('1', '18');
INSERT INTO Event_Song VALUES ('3', '61');
INSERT INTO Event_Song VALUES ('4', '68');
INSERT INTO Event_Song VALUES ('6', '44');
INSERT INTO Event_Song VALUES ('8', '56');
INSERT INTO Event_Song VALUES ('10', '62');
INSERT INTO Event_Song VALUES ('13', '57');
INSERT INTO Event_Song VALUES ('15', '30');
INSERT INTO Event_Song VALUES ('16', '45');
INSERT INTO Event_Song VALUES ('18', '69');
INSERT INTO Event_Song VALUES ('19', '58');
INSERT INTO Event_Song VALUES ('21', '65');
INSERT INTO Event_Song VALUES ('26', '78');
INSERT INTO Event_Song VALUES ('27', '82');
INSERT INTO Event_Song VALUES ('28', '84');
INSERT INTO Event_Song VALUES ('30', '90');
INSERT INTO Event_Song VALUES ('31', '93');
INSERT INTO Event_Song VALUES ('34', '97');
INSERT INTO Event_Song VALUES ('37', '103');
INSERT INTO Event_Song VALUES ('38', '104');
INSERT INTO Event_Song VALUES ('39', '105');
INSERT INTO Event_Song VALUES ('40', '107');
INSERT INTO Event_Song VALUES ('42', '136');
INSERT INTO Event_Song VALUES ('51', '129');
INSERT INTO Event_Song VALUES ('55', '139');
INSERT INTO Event_Song VALUES ('56', '143');

INSERT INTO Boost_Members VALUES ('1', '6');
INSERT INTO Boost_Members VALUES ('1', '7');
INSERT INTO Boost_Members VALUES ('1', '8');
INSERT INTO Boost_Members VALUES ('1', '9');
INSERT INTO Boost_Members VALUES ('1', '10');
INSERT INTO Boost_Members VALUES ('2', '10');
INSERT INTO Boost_Members VALUES ('2', '16');
INSERT INTO Boost_Members VALUES ('2', '25');
INSERT INTO Boost_Members VALUES ('3', '26');
INSERT INTO Boost_Members VALUES ('3', '27');
INSERT INTO Boost_Members VALUES ('3', '28');
INSERT INTO Boost_Members VALUES ('3', '29');
INSERT INTO Boost_Members VALUES ('3', '30');
INSERT INTO Boost_Members VALUES ('4', '16');
INSERT INTO Boost_Members VALUES ('4', '17');
INSERT INTO Boost_Members VALUES ('4', '18');
INSERT INTO Boost_Members VALUES ('4', '19');
INSERT INTO Boost_Members VALUES ('4', '20');
INSERT INTO Boost_Members VALUES ('5', '6');
INSERT INTO Boost_Members VALUES ('5', '11');
INSERT INTO Boost_Members VALUES ('5', '15');
INSERT INTO Boost_Members VALUES ('5', '16');
INSERT INTO Boost_Members VALUES ('5', '22');
INSERT INTO Boost_Members VALUES ('6', '11');
INSERT INTO Boost_Members VALUES ('6', '12');
INSERT INTO Boost_Members VALUES ('6', '13');
INSERT INTO Boost_Members VALUES ('6', '14');
INSERT INTO Boost_Members VALUES ('6', '15');
INSERT INTO Boost_Members VALUES ('7', '7');
INSERT INTO Boost_Members VALUES ('7', '10');
INSERT INTO Boost_Members VALUES ('7', '19');
INSERT INTO Boost_Members VALUES ('7', '23');
INSERT INTO Boost_Members VALUES ('7', '25');
INSERT INTO Boost_Members VALUES ('8', '21');
INSERT INTO Boost_Members VALUES ('8', '22');
INSERT INTO Boost_Members VALUES ('8', '23');
INSERT INTO Boost_Members VALUES ('8', '24');
INSERT INTO Boost_Members VALUES ('8', '25');
INSERT INTO Boost_Members VALUES ('9', '8');
INSERT INTO Boost_Members VALUES ('9', '9');
INSERT INTO Boost_Members VALUES ('9', '14');
INSERT INTO Boost_Members VALUES ('9', '17');
INSERT INTO Boost_Members VALUES ('9', '29');
INSERT INTO Boost_Members VALUES ('10', '26');
INSERT INTO Boost_Members VALUES ('10', '27');
INSERT INTO Boost_Members VALUES ('10', '28');
INSERT INTO Boost_Members VALUES ('10', '29');
INSERT INTO Boost_Members VALUES ('10', '30');
INSERT INTO Boost_Members VALUES ('11', '19');
INSERT INTO Boost_Members VALUES ('11', '21');
INSERT INTO Boost_Members VALUES ('11', '22');
INSERT INTO Boost_Members VALUES ('11', '27');
INSERT INTO Boost_Members VALUES ('11', '28');
INSERT INTO Boost_Members VALUES ('12', '9');
INSERT INTO Boost_Members VALUES ('12', '14');
INSERT INTO Boost_Members VALUES ('12', '15');
INSERT INTO Boost_Members VALUES ('12', '18');
INSERT INTO Boost_Members VALUES ('12', '29');
INSERT INTO Boost_Members VALUES ('13', '21');
INSERT INTO Boost_Members VALUES ('13', '22');
INSERT INTO Boost_Members VALUES ('13', '23');
INSERT INTO Boost_Members VALUES ('13', '24');
INSERT INTO Boost_Members VALUES ('13', '25');
INSERT INTO Boost_Members VALUES ('14', '13');
INSERT INTO Boost_Members VALUES ('14', '21');
INSERT INTO Boost_Members VALUES ('14', '28');
INSERT INTO Boost_Members VALUES ('14', '29');
INSERT INTO Boost_Members VALUES ('14', '30');
INSERT INTO Boost_Members VALUES ('15', '6');
INSERT INTO Boost_Members VALUES ('15', '7');
INSERT INTO Boost_Members VALUES ('15', '8');
INSERT INTO Boost_Members VALUES ('15', '9');
INSERT INTO Boost_Members VALUES ('15', '10');
INSERT INTO Boost_Members VALUES ('16', '11');
INSERT INTO Boost_Members VALUES ('16', '12');
INSERT INTO Boost_Members VALUES ('16', '13');
INSERT INTO Boost_Members VALUES ('16', '14');
INSERT INTO Boost_Members VALUES ('16', '15');
INSERT INTO Boost_Members VALUES ('17', '15');
INSERT INTO Boost_Members VALUES ('17', '17');
INSERT INTO Boost_Members VALUES ('17', '23');
INSERT INTO Boost_Members VALUES ('17', '24');
INSERT INTO Boost_Members VALUES ('17', '28');
INSERT INTO Boost_Members VALUES ('18', '16');
INSERT INTO Boost_Members VALUES ('18', '17');
INSERT INTO Boost_Members VALUES ('18', '18');
INSERT INTO Boost_Members VALUES ('18', '19');
INSERT INTO Boost_Members VALUES ('18', '20');
INSERT INTO Boost_Members VALUES ('19', '21');
INSERT INTO Boost_Members VALUES ('19', '22');
INSERT INTO Boost_Members VALUES ('19', '23');
INSERT INTO Boost_Members VALUES ('19', '24');
INSERT INTO Boost_Members VALUES ('19', '25');
INSERT INTO Boost_Members VALUES ('20', '8');
INSERT INTO Boost_Members VALUES ('20', '13');
INSERT INTO Boost_Members VALUES ('20', '16');
INSERT INTO Boost_Members VALUES ('20', '20');
INSERT INTO Boost_Members VALUES ('20', '26');
INSERT INTO Boost_Members VALUES ('21', '26');
INSERT INTO Boost_Members VALUES ('21', '27');
INSERT INTO Boost_Members VALUES ('21', '28');
INSERT INTO Boost_Members VALUES ('21', '29');
INSERT INTO Boost_Members VALUES ('21', '30');
INSERT INTO Boost_Members VALUES ('22', '7');
INSERT INTO Boost_Members VALUES ('22', '10');
INSERT INTO Boost_Members VALUES ('22', '18');
INSERT INTO Boost_Members VALUES ('22', '20');
INSERT INTO Boost_Members VALUES ('22', '21');
INSERT INTO Boost_Members VALUES ('23', '15');
INSERT INTO Boost_Members VALUES ('23', '22');
INSERT INTO Boost_Members VALUES ('23', '25');
INSERT INTO Boost_Members VALUES ('23', '27');
INSERT INTO Boost_Members VALUES ('23', '30');
INSERT INTO Boost_Members VALUES ('24', '6');
INSERT INTO Boost_Members VALUES ('24', '10');
INSERT INTO Boost_Members VALUES ('24', '13');
INSERT INTO Boost_Members VALUES ('24', '19');
INSERT INTO Boost_Members VALUES ('24', '25');
INSERT INTO Boost_Members VALUES ('25', '11');
INSERT INTO Boost_Members VALUES ('25', '12');
INSERT INTO Boost_Members VALUES ('25', '16');
INSERT INTO Boost_Members VALUES ('25', '26');
INSERT INTO Boost_Members VALUES ('25', '28');
INSERT INTO Boost_Members VALUES ('26', '6');
INSERT INTO Boost_Members VALUES ('26', '7');
INSERT INTO Boost_Members VALUES ('26', '8');
INSERT INTO Boost_Members VALUES ('26', '9');
INSERT INTO Boost_Members VALUES ('26', '10');
INSERT INTO Boost_Members VALUES ('27', '11');
INSERT INTO Boost_Members VALUES ('27', '12');
INSERT INTO Boost_Members VALUES ('27', '13');
INSERT INTO Boost_Members VALUES ('27', '14');
INSERT INTO Boost_Members VALUES ('27', '15');
INSERT INTO Boost_Members VALUES ('28', '16');
INSERT INTO Boost_Members VALUES ('28', '17');
INSERT INTO Boost_Members VALUES ('28', '18');
INSERT INTO Boost_Members VALUES ('28', '19');
INSERT INTO Boost_Members VALUES ('28', '20');
INSERT INTO Boost_Members VALUES ('29', '14');
INSERT INTO Boost_Members VALUES ('29', '16');
INSERT INTO Boost_Members VALUES ('29', '24');
INSERT INTO Boost_Members VALUES ('29', '25');
INSERT INTO Boost_Members VALUES ('29', '30');
INSERT INTO Boost_Members VALUES ('30', '6');
INSERT INTO Boost_Members VALUES ('30', '7');
INSERT INTO Boost_Members VALUES ('30', '8');
INSERT INTO Boost_Members VALUES ('30', '9');
INSERT INTO Boost_Members VALUES ('30', '10');
INSERT INTO Boost_Members VALUES ('31', '26');
INSERT INTO Boost_Members VALUES ('31', '27');
INSERT INTO Boost_Members VALUES ('31', '28');
INSERT INTO Boost_Members VALUES ('31', '29');
INSERT INTO Boost_Members VALUES ('31', '30');
INSERT INTO Boost_Members VALUES ('32', '10');
INSERT INTO Boost_Members VALUES ('32', '12');
INSERT INTO Boost_Members VALUES ('32', '15');
INSERT INTO Boost_Members VALUES ('32', '26');
INSERT INTO Boost_Members VALUES ('32', '28');
INSERT INTO Boost_Members VALUES ('33', '18');
INSERT INTO Boost_Members VALUES ('33', '20');
INSERT INTO Boost_Members VALUES ('33', '22');
INSERT INTO Boost_Members VALUES ('33', '24');
INSERT INTO Boost_Members VALUES ('33', '29');
INSERT INTO Boost_Members VALUES ('34', '21');
INSERT INTO Boost_Members VALUES ('34', '22');
INSERT INTO Boost_Members VALUES ('34', '23');
INSERT INTO Boost_Members VALUES ('34', '24');
INSERT INTO Boost_Members VALUES ('34', '25');
INSERT INTO Boost_Members VALUES ('35', '13');
INSERT INTO Boost_Members VALUES ('35', '14');
INSERT INTO Boost_Members VALUES ('35', '17');
INSERT INTO Boost_Members VALUES ('35', '18');
INSERT INTO Boost_Members VALUES ('35', '20');
INSERT INTO Boost_Members VALUES ('36', '6');
INSERT INTO Boost_Members VALUES ('36', '11');
INSERT INTO Boost_Members VALUES ('36', '16');
INSERT INTO Boost_Members VALUES ('36', '21');
INSERT INTO Boost_Members VALUES ('36', '26');
INSERT INTO Boost_Members VALUES ('37', '11');
INSERT INTO Boost_Members VALUES ('37', '12');
INSERT INTO Boost_Members VALUES ('37', '13');
INSERT INTO Boost_Members VALUES ('37', '14');
INSERT INTO Boost_Members VALUES ('37', '15');
INSERT INTO Boost_Members VALUES ('38', '19');
INSERT INTO Boost_Members VALUES ('38', '20');
INSERT INTO Boost_Members VALUES ('38', '25');
INSERT INTO Boost_Members VALUES ('38', '27');
INSERT INTO Boost_Members VALUES ('38', '30');
INSERT INTO Boost_Members VALUES ('39', '21');
INSERT INTO Boost_Members VALUES ('39', '22');
INSERT INTO Boost_Members VALUES ('39', '23');
INSERT INTO Boost_Members VALUES ('39', '24');
INSERT INTO Boost_Members VALUES ('39', '25');
INSERT INTO Boost_Members VALUES ('40', '16');
INSERT INTO Boost_Members VALUES ('40', '17');
INSERT INTO Boost_Members VALUES ('40', '18');
INSERT INTO Boost_Members VALUES ('40', '19');
INSERT INTO Boost_Members VALUES ('40', '20');
INSERT INTO Boost_Members VALUES ('41', '6');
INSERT INTO Boost_Members VALUES ('41', '7');
INSERT INTO Boost_Members VALUES ('41', '8');
INSERT INTO Boost_Members VALUES ('41', '9');
INSERT INTO Boost_Members VALUES ('41', '10');
INSERT INTO Boost_Members VALUES ('42', '11');
INSERT INTO Boost_Members VALUES ('42', '12');
INSERT INTO Boost_Members VALUES ('42', '13');
INSERT INTO Boost_Members VALUES ('42', '14');
INSERT INTO Boost_Members VALUES ('42', '15');
INSERT INTO Boost_Members VALUES ('43', '26');
INSERT INTO Boost_Members VALUES ('43', '27');
INSERT INTO Boost_Members VALUES ('43', '28');
INSERT INTO Boost_Members VALUES ('43', '29');
INSERT INTO Boost_Members VALUES ('43', '30');
INSERT INTO Boost_Members VALUES ('44', '6');
INSERT INTO Boost_Members VALUES ('44', '14');
INSERT INTO Boost_Members VALUES ('44', '16');
INSERT INTO Boost_Members VALUES ('44', '20');
INSERT INTO Boost_Members VALUES ('44', '27');
INSERT INTO Boost_Members VALUES ('45', '11');
INSERT INTO Boost_Members VALUES ('45', '17');
INSERT INTO Boost_Members VALUES ('45', '22');
INSERT INTO Boost_Members VALUES ('45', '24');
INSERT INTO Boost_Members VALUES ('45', '28');
INSERT INTO Boost_Members VALUES ('49', '21');
INSERT INTO Boost_Members VALUES ('49', '22');
INSERT INTO Boost_Members VALUES ('49', '23');
INSERT INTO Boost_Members VALUES ('49', '24');
INSERT INTO Boost_Members VALUES ('49', '25');
INSERT INTO Boost_Members VALUES ('50', '6');
INSERT INTO Boost_Members VALUES ('50', '9');
INSERT INTO Boost_Members VALUES ('50', '10');
INSERT INTO Boost_Members VALUES ('50', '16');
INSERT INTO Boost_Members VALUES ('50', '18');
INSERT INTO Boost_Members VALUES ('51', '16');
INSERT INTO Boost_Members VALUES ('51', '17');
INSERT INTO Boost_Members VALUES ('51', '18');
INSERT INTO Boost_Members VALUES ('51', '19');
INSERT INTO Boost_Members VALUES ('51', '20');
INSERT INTO Boost_Members VALUES ('52', '11');
INSERT INTO Boost_Members VALUES ('52', '12');
INSERT INTO Boost_Members VALUES ('52', '13');
INSERT INTO Boost_Members VALUES ('52', '14');
INSERT INTO Boost_Members VALUES ('52', '15');
INSERT INTO Boost_Members VALUES ('53', '7');
INSERT INTO Boost_Members VALUES ('53', '10');
INSERT INTO Boost_Members VALUES ('53', '16');
INSERT INTO Boost_Members VALUES ('53', '18');
INSERT INTO Boost_Members VALUES ('53', '25');
INSERT INTO Boost_Members VALUES ('54', '11');
INSERT INTO Boost_Members VALUES ('54', '13');
INSERT INTO Boost_Members VALUES ('54', '14');
INSERT INTO Boost_Members VALUES ('54', '27');
INSERT INTO Boost_Members VALUES ('54', '29');
INSERT INTO Boost_Members VALUES ('55', '26');
INSERT INTO Boost_Members VALUES ('55', '27');
INSERT INTO Boost_Members VALUES ('55', '28');
INSERT INTO Boost_Members VALUES ('55', '29');
INSERT INTO Boost_Members VALUES ('55', '30');
INSERT INTO Boost_Members VALUES ('56', '6');
INSERT INTO Boost_Members VALUES ('56', '7');
INSERT INTO Boost_Members VALUES ('56', '8');
INSERT INTO Boost_Members VALUES ('56', '9');
INSERT INTO Boost_Members VALUES ('56', '10');

INSERT INTO Song_Sung_By VALUES ('1', '1');
INSERT INTO Song_Sung_By VALUES ('2', '1');
INSERT INTO Song_Sung_By VALUES ('3', '1');
INSERT INTO Song_Sung_By VALUES ('4', '1');
INSERT INTO Song_Sung_By VALUES ('5', '1');
INSERT INTO Song_Sung_By VALUES ('6', '1');
INSERT INTO Song_Sung_By VALUES ('7', '1');
INSERT INTO Song_Sung_By VALUES ('8', '1');
INSERT INTO Song_Sung_By VALUES ('9', '1');
INSERT INTO Song_Sung_By VALUES ('10', '2');
INSERT INTO Song_Sung_By VALUES ('11', '5');
INSERT INTO Song_Sung_By VALUES ('12', '1');
INSERT INTO Song_Sung_By VALUES ('13', '4');
INSERT INTO Song_Sung_By VALUES ('14', '3');
INSERT INTO Song_Sung_By VALUES ('15', '2');
INSERT INTO Song_Sung_By VALUES ('16', '1');
INSERT INTO Song_Sung_By VALUES ('17', '1');
INSERT INTO Song_Sung_By VALUES ('18', '1');
INSERT INTO Song_Sung_By VALUES ('19', '1');
INSERT INTO Song_Sung_By VALUES ('20', '3');
INSERT INTO Song_Sung_By VALUES ('21', '4');
INSERT INTO Song_Sung_By VALUES ('22', '5');
INSERT INTO Song_Sung_By VALUES ('23', '1');
INSERT INTO Song_Sung_By VALUES ('26', '1');
INSERT INTO Song_Sung_By VALUES ('27', '1');
INSERT INTO Song_Sung_By VALUES ('28', '4');
INSERT INTO Song_Sung_By VALUES ('29', '1');
INSERT INTO Song_Sung_By VALUES ('30', '1');
INSERT INTO Song_Sung_By VALUES ('31', '3');
INSERT INTO Song_Sung_By VALUES ('33', '5');
INSERT INTO Song_Sung_By VALUES ('37', '1');
INSERT INTO Song_Sung_By VALUES ('39', '2');
INSERT INTO Song_Sung_By VALUES ('40', '4');
INSERT INTO Song_Sung_By VALUES ('41', '2');
INSERT INTO Song_Sung_By VALUES ('42', '2');
INSERT INTO Song_Sung_By VALUES ('43', '3');
INSERT INTO Song_Sung_By VALUES ('44', '2');
INSERT INTO Song_Sung_By VALUES ('45', '2');
INSERT INTO Song_Sung_By VALUES ('46', '5');
INSERT INTO Song_Sung_By VALUES ('47', '1');
INSERT INTO Song_Sung_By VALUES ('48', '2');
INSERT INTO Song_Sung_By VALUES ('49', '5');
INSERT INTO Song_Sung_By VALUES ('50', '4');
INSERT INTO Song_Sung_By VALUES ('51', '3');
INSERT INTO Song_Sung_By VALUES ('52', '4');
INSERT INTO Song_Sung_By VALUES ('53', '2');
INSERT INTO Song_Sung_By VALUES ('54', '4');
INSERT INTO Song_Sung_By VALUES ('55', '4');
INSERT INTO Song_Sung_By VALUES ('56', '4');
INSERT INTO Song_Sung_By VALUES ('57', '4');
INSERT INTO Song_Sung_By VALUES ('58', '4');
INSERT INTO Song_Sung_By VALUES ('59', '5');
INSERT INTO Song_Sung_By VALUES ('60', '5');
INSERT INTO Song_Sung_By VALUES ('61', '5');
INSERT INTO Song_Sung_By VALUES ('62', '5');
INSERT INTO Song_Sung_By VALUES ('63', '5');
INSERT INTO Song_Sung_By VALUES ('64', '5');
INSERT INTO Song_Sung_By VALUES ('65', '5');
INSERT INTO Song_Sung_By VALUES ('66', '3');
INSERT INTO Song_Sung_By VALUES ('67', '3');
INSERT INTO Song_Sung_By VALUES ('68', '3');
INSERT INTO Song_Sung_By VALUES ('69', '3');
INSERT INTO Song_Sung_By VALUES ('70', '3');
INSERT INTO Song_Sung_By VALUES ('71', '3');
INSERT INTO Song_Sung_By VALUES ('72', '2');
INSERT INTO Song_Sung_By VALUES ('73', '4');
INSERT INTO Song_Sung_By VALUES ('74', '1');
INSERT INTO Song_Sung_By VALUES ('75', '5');
INSERT INTO Song_Sung_By VALUES ('76', '1');
INSERT INTO Song_Sung_By VALUES ('77', '3');
INSERT INTO Song_Sung_By VALUES ('78', '1');
INSERT INTO Song_Sung_By VALUES ('80', '6');
INSERT INTO Song_Sung_By VALUES ('81', '1');
INSERT INTO Song_Sung_By VALUES ('82', '2');
INSERT INTO Song_Sung_By VALUES ('83', '5');
INSERT INTO Song_Sung_By VALUES ('84', '3');
INSERT INTO Song_Sung_By VALUES ('85', '4');
INSERT INTO Song_Sung_By VALUES ('86', '3');
INSERT INTO Song_Sung_By VALUES ('87', '5');
INSERT INTO Song_Sung_By VALUES ('88', '2');
INSERT INTO Song_Sung_By VALUES ('89', '1');
INSERT INTO Song_Sung_By VALUES ('90', '1');
INSERT INTO Song_Sung_By VALUES ('92', '5');
INSERT INTO Song_Sung_By VALUES ('93', '5');
INSERT INTO Song_Sung_By VALUES ('94', '2');
INSERT INTO Song_Sung_By VALUES ('95', '1');
INSERT INTO Song_Sung_By VALUES ('96', '4');
INSERT INTO Song_Sung_By VALUES ('97', '4');
INSERT INTO Song_Sung_By VALUES ('98', '5');
INSERT INTO Song_Sung_By VALUES ('99', '3');
INSERT INTO Song_Sung_By VALUES ('101', '5');
INSERT INTO Song_Sung_By VALUES ('102', '1');
INSERT INTO Song_Sung_By VALUES ('103', '2');
INSERT INTO Song_Sung_By VALUES ('104', '5');
INSERT INTO Song_Sung_By VALUES ('105', '4');
INSERT INTO Song_Sung_By VALUES ('106', '1');
INSERT INTO Song_Sung_By VALUES ('107', '3');
INSERT INTO Song_Sung_By VALUES ('108', '1');
INSERT INTO Song_Sung_By VALUES ('110', '4');
INSERT INTO Song_Sung_By VALUES ('111', '1');
INSERT INTO Song_Sung_By VALUES ('112', '4');
INSERT INTO Song_Sung_By VALUES ('113', '5');
INSERT INTO Song_Sung_By VALUES ('114', '2');
INSERT INTO Song_Sung_By VALUES ('115', '5');
INSERT INTO Song_Sung_By VALUES ('116', '5');
INSERT INTO Song_Sung_By VALUES ('117', '3');
INSERT INTO Song_Sung_By VALUES ('118', '5');
INSERT INTO Song_Sung_By VALUES ('119', '4');
INSERT INTO Song_Sung_By VALUES ('123', '1');
INSERT INTO Song_Sung_By VALUES ('124', '4');
INSERT INTO Song_Sung_By VALUES ('127', '1');
INSERT INTO Song_Sung_By VALUES ('129', '3');
INSERT INTO Song_Sung_By VALUES ('132', '5');
INSERT INTO Song_Sung_By VALUES ('133', '2');
INSERT INTO Song_Sung_By VALUES ('134', '1');
INSERT INTO Song_Sung_By VALUES ('135', '1');
INSERT INTO Song_Sung_By VALUES ('136', '2');
INSERT INTO Song_Sung_By VALUES ('137', '5');
INSERT INTO Song_Sung_By VALUES ('138', '3');
INSERT INTO Song_Sung_By VALUES ('139', '5');
INSERT INTO Song_Sung_By VALUES ('140', '2');
INSERT INTO Song_Sung_By VALUES ('141', '3');
INSERT INTO Song_Sung_By VALUES ('142', '1');
INSERT INTO Song_Sung_By VALUES ('143', '1');
INSERT INTO Song_Sung_By VALUES ('144', '2');
INSERT INTO Song_Sung_By VALUES ('145', '4');
INSERT INTO Song_Sung_By VALUES ('146', '3');
INSERT INTO Song_Sung_By VALUES ('148', '4');